Workbook

Sheet フォームの回答
A1: タイムスタンプ | B1: 問１ お子様は何年生ですか。 | C1: 未就学 | D1: 小学校 | E1: 中学校 | F1: 卒業 | G1: 問２ 11月22日（ふれあいホリデー）はお子様と一緒に過ごされましたか。 | H1: 問３−Ａ１ 主にどのように過ごされましたか。 | I1: 問３－Ａ２ 前の問い（ 問３－Ａ１）で回答された内容について具体的に記入してください。 | J1: 問３−Ｂ１ お子様はどのように過ごされましたか。 | K1: 問４ あなたは休暇を取得されましたか | L1: 問４－１ 「取得していない」と回答いただいた方は、次のどれにあたりますか。 | M1: 職場で推奨されたが取得しなかった | N1: 業務多忙で取得できなかった | O1: 自営業だから | P1: 取得するつもりはなかった | Q1: 取得しにくかった | R1: 勤務日ではなかった | S1: 問４－２ 前の問（問４－１）で「取得するつもりはなかった」または「取得しにくかった」と回答いただいた方は、理由等をお答えください。 | T1: 問５ 来年度実施する場合、過ごし方について考えを教えてください。 | U1: 問６ 来年度実施する場合、適切な時期について考えを教えてください。 | V1: 問７ 今後に向けてお気づきの点などを教えてください。
A2: 45628.841 | B2: 小学校５年生, 中学校１年生 | C2: =IF(ISERROR(FIND(C$1,$B2)),"×","○") -> × | D2: =IF(ISERROR(FIND(D$1,$B2)),"×","○") -> ○ | E2: =IF(ISERROR(FIND(E$1,$B2)),"×","○") -> ○ | F2: =IF(ISERROR(FIND(F$1,$B2)),"×","○") -> × | G2: 過ごした | H2: 倉吉市内へ出かけた | I2: 散髪、デイサービス | K2: 取得した | M2: =IF(ISERROR(SEARCH(M$1,$L2)),"","○") | N2: =IF(ISERROR(SEARCH(N$1,$L2)),"","○") | O2: =IF(ISERROR(SEARCH(O$1,$L2)),"","○") | P2: =IF(ISERROR(SEARCH(P$1,$L2)),"","○") | Q2: =IF(ISERROR(SEARCH(Q$1,$L2)),"","○") | R2: =IF(ISERROR(SEARCH(R$1,$L2)),"","○") | T2: 体験等に取り組みたいが休暇が取得できるか分からない | U2: ？ | V2: 触れ合い休暇と言っても親が休みにくい。学校行事で休む事も多い。ので休暇取りにくい。
A3: 45625.671 | B3: 中学校３年生 | C3: =IF(ISERROR(FIND(C$1,$B3)),"×","○") -> × | D3: =IF(ISERROR(FIND(D$1,$B3)),"×","○") -> × | E3: =IF(ISERROR(FIND(E$1,$B3)),"×","○") -> ○ | F3: =IF(ISERROR(FIND(F$1,$B3)),"×","○") -> × | G3: 過ごしていない | J3: 子どもだけで過ごした | K3: 取得していない | L3: 業務多忙で取得できなかった | M3: =IF(ISERROR(SEARCH(M$1,$L3)),"","○") | N3: =IF(ISERROR(SEARCH(N$1,$L3)),"","○") -> ○ | O3: =IF(ISERROR(SEARCH(O$1,$L3)),"","○") | P3: =IF(ISERROR(SEARCH(P$1,$L3)),"","○") | Q3: =IF(ISERROR(SEARCH(Q$1,$L3)),"","○") | R3: =IF(ISERROR(SEARCH(R$1,$L3)),"","○") | T3: 体験等に取り組みたいが休暇が取得できるか分からない | U3: 10月
A4: 45625.699 | B4: 小学校２年生 | C4: =IF(ISERROR(FIND(C$1,$B4)),"×","○") -> × | D4: =IF(ISERROR(FIND(D$1,$B4)),"×","○") -> ○ | E4: =IF(ISERROR(FIND(E$1,$B4)),"×","○") -> × | F4: =IF(ISERROR(FIND(F$1,$B4)),"×","○") -> × | G4: 過ごしていない | J4: 放課後児童クラブ等を利用した | K4: 取得していない | L4: 取得するつもりはなかった, 取得しにくかった | M4: =IF(ISERROR(SEARCH(M$1,$L4)),"","○") | N4: =IF(ISERROR(SEARCH(N$1,$L4)),"","○") | O4: =IF(ISERROR(SEARCH(O$1,$L4)),"","○") | P4: =IF(ISERROR(SEARCH(P$1,$L4)),"","○") -> ○ | Q4: =IF(ISERROR(SEARCH(Q$1,$L4)),"","○") -> ○ | R4: =IF(ISERROR(SEARCH(R$1,$L4)),"","○") | S4: 同月に既に参観日やマラソン大会などのために有給を利用していたため。 | T4: 体験等に取り組みたいが休暇が取得できるか分からない | U4: 10月 | V4: 学校の年間行事をみて時期を検討して頂きたい
A5: 45625.701 | B5: 中学校１年生 | C5: =IF(ISERROR(FIND(C$1,$B5)),"×","○") -> × | D5: =IF(ISERROR(FIND(D$1,$B5)),"×","○") -> × | E5: =IF(ISERROR(FIND(E$1,$B5)),"×","○") -> ○ | F5: =IF(ISERROR(FIND(F$1,$B5)),"×","○") -> × | G5: 過ごしていない | J5: 子どもだけで過ごした | K5: 取得していない | L5: 取得するつもりはなかった | M5: =IF(ISERROR(SEARCH(M$1,$L5)),"","○") | N5: =IF(ISERROR(SEARCH(N$1,$L5)),"","○") | O5: =IF(ISERROR(SEARCH(O$1,$L5)),"","○") | P5: =IF(ISERROR(SEARCH(P$1,$L5)),"","○") -> ○ | Q5: =IF(ISERROR(SEARCH(Q$1,$L5)),"","○") | R5: =IF(ISERROR(SEARCH(R$1,$L5)),"","○") | S5: 期末テスト前で三連休になっても出掛ける気にはならないし、親がいても意味がないと感じたから。 | T5: 体験等に取り組みたいが休暇が取得できるか分からない | U5: 10月 | V5: 学校の年間行事をよくみてから時期を決定して頂きたい
A6: 45627.865 | B6: 小学校１年生 | C6: =IF(ISERROR(FIND(C$1,$B6)),"×","○") -> × | D6: =IF(ISERROR(FIND(D$1,$B6)),"×","○") -> ○ | E6: =IF(ISERROR(FIND(E$1,$B6)),"×","○") -> × | F6: =IF(ISERROR(FIND(F$1,$B6)),"×","○") -> × | G6: 過ごした | H6: 倉吉市外へ出かけた | I6: 家族で遊園地に出掛けました | K6: 取得していない | L6: 主婦と、手伝い程度の仕事なので、その日は空いていました | M6: =IF(ISERROR(SEARCH(M$1,$L6)),"","○") | N6: =IF(ISERROR(SEARCH(N$1,$L6)),"","○") | O6: =IF(ISERROR(SEARCH(O$1,$L6)),"","○") | P6: =IF(ISERROR(SEARCH(P$1,$L6)),"","○") | Q6: =IF(ISERROR(SEARCH(Q$1,$L6)),"","○") | R6: =IF(ISERROR(SEARCH(R$1,$L6)),"","○") | T6: イベント等で体験活動に参加したい | U6: 10月 | V6: 学校の行事が多い時期にあたってしまって、妻がその都度、休日を取得して対応してくれていたのですが、さらにもう一つ取得することへの抵抗があり、あまり嬉しい休日ではなかったようです。私も今後、仕事についた時に、子供がひとりで留守番しなくてはならないかもと気がかりななか、更に平日に休日が増えるのは嫌だなという思いです。普段から、休日も平日も遊んでいるので、更に時間を作るのかと悩ましいことだなと思いました。
A7: 45628.703 | B7: 小学校１年生 | C7: =IF(ISERROR(FIND(C$1,$B7)),"×","○") -> × | D7: =IF(ISERROR(FIND(D$1,$B7)),"×","○") -> ○ | E7: =IF(ISERROR(FIND(E$1,$B7)),"×","○") -> × | F7: =IF(ISERROR(FIND(F$1,$B7)),"×","○") -> × | G7: 過ごしていない | J7: 放課後児童クラブ等を利用した | K7: 取得していない | L7: 業務多忙で取得できなかった, 取得するつもりはなかった | M7: =IF(ISERROR(SEARCH(M$1,$L7)),"","○") | N7: =IF(ISERROR(SEARCH(N$1,$L7)),"","○") -> ○ | O7: =IF(ISERROR(SEARCH(O$1,$L7)),"","○") | P7: =IF(ISERROR(SEARCH(P$1,$L7)),"","○") -> ○ | Q7: =IF(ISERROR(SEARCH(Q$1,$L7)),"","○") | R7: =IF(ISERROR(SEARCH(R$1,$L7)),"","○") | S7: 他の用事や看病でで有給休暇を使うので一斉に休みにされても休めない | T7: 体験等に取り組むつもりはない | U7: 10月
A8: 45632.566 | B8: 小学校３年生 | C8: =IF(ISERROR(FIND(C$1,$B8)),"×","○") -> × | D8: =IF(ISERROR(FIND(D$1,$B8)),"×","○") -> ○ | E8: =IF(ISERROR(FIND(E$1,$B8)),"×","○") -> × | F8: =IF(ISERROR(FIND(F$1,$B8)),"×","○") -> × | G8: 過ごした | H8: 倉吉市外へ出かけた | I8: 大阪の美術館に行った | K8: 取得した | M8: =IF(ISERROR(SEARCH(M$1,$L8)),"","○") | N8: =IF(ISERROR(SEARCH(N$1,$L8)),"","○") | O8: =IF(ISERROR(SEARCH(O$1,$L8)),"","○") | P8: =IF(ISERROR(SEARCH(P$1,$L8)),"","○") | Q8: =IF(ISERROR(SEARCH(Q$1,$L8)),"","○") | R8: =IF(ISERROR(SEARCH(R$1,$L8)),"","○") | T8: 体験等に取り組みたいが休暇が取得できるか分からない | U8: 10月～11月の初旬 | V8: この制度を利用できるのは一部の恵まれた家庭だけだと思います。子どもたちの家族の形が1つではないこと、具体的にどのような家庭があるのか、それらをイメージしてください。その上で、その家庭の保護者が休暇を取れるのかを想像してください。 母子家庭の低所得世帯が、すべての家庭で休暇を取得して子どもと過ごせるでしょうか？休暇を取得できなければ、子どもの預け先を探さなくては行けません。学童に預けることになれば、お弁当を作らなくては行けません。 また、家族と過ごせる子とそうでない子の間には精神的な隔たりが生まれてしまいます。 私はフリーランスで仕事をしているため休暇がとれました。しかし、フリーランスは休めば無給です。それだけでなく、翌日以降の業務量が増えます。 個人的にはよい制度だと思えません。来年以降も続けられるのであれば、しっかり議論した上で、保護者に実施する理由を詳しく伝えた上で実施していただきたいと思います。
A9: 45630.802 | B9: 小学校１年生, 中学校１年生, 中学校卒業後 | C9: =IF(ISERROR(FIND(C$1,$B9)),"×","○") -> × | D9: =IF(ISERROR(FIND(D$1,$B9)),"×","○") -> ○ | E9: =IF(ISERROR(FIND(E$1,$B9)),"×","○") -> ○ | F9: =IF(ISERROR(FIND(F$1,$B9)),"×","○") -> ○ | G9: 過ごした | H9: 家庭で過ごした | I9: 家でゆっくりしました。 | K9: 取得していない | L9: 専業主婦なので。 | M9: =IF(ISERROR(SEARCH(M$1,$L9)),"","○") | N9: =IF(ISERROR(SEARCH(N$1,$L9)),"","○") | O9: =IF(ISERROR(SEARCH(O$1,$L9)),"","○") | P9: =IF(ISERROR(SEARCH(P$1,$L9)),"","○") | Q9: =IF(ISERROR(SEARCH(Q$1,$L9)),"","○") | R9: =IF(ISERROR(SEARCH(R$1,$L9)),"","○") | T9: 家庭でふれあいや体験活動等に取り組みたい | U9: 10月ごろ天気もよくてコンサートなど楽しめるイベントがたくさんあるので。 | V9: 10月はたくさんのイベントがありますが。11月はあまりないのでどんなイベントがあるのかまとめて教えてもらいたいです。
A10: 45629.847 | B10: 小学校５年生 | C10: =IF(ISERROR(FIND(C$1,$B10)),"×","○") -> × | D10: =IF(ISERROR(FIND(D$1,$B10)),"×","○") -> ○ | E10: =IF(ISERROR(FIND(E$1,$B10)),"×","○") -> × | F10: =IF(ISERROR(FIND(F$1,$B10)),"×","○") -> × | G10: 過ごした | H10: 倉吉市内へ出かけた | I10: 市役所の窓口に行ったりおばあちゃんの家に行った。 | K10: 取得した | M10: =IF(ISERROR(SEARCH(M$1,$L10)),"","○") | N10: =IF(ISERROR(SEARCH(N$1,$L10)),"","○") | O10: =IF(ISERROR(SEARCH(O$1,$L10)),"","○") | P10: =IF(ISERROR(SEARCH(P$1,$L10)),"","○") | Q10: =IF(ISERROR(SEARCH(Q$1,$L10)),"","○") | R10: =IF(ISERROR(SEARCH(R$1,$L10)),"","○") | T10: 体験等に取り組みたいが休暇が取得できるか分からない | U10: 10月や11月は学校行事が多く、他にも仕事を休む日が多いので、休みにくい。 | V10: 学校行事が少ない時期や祝日がないような月がいい。親全員が休みを取れるわけではないと思う。この取り組みの意図があまりわからない。
A11: 45630.38 | B11: 小学校６年生 | C11: =IF(ISERROR(FIND(C$1,$B11)),"×","○") -> × | D11: =IF(ISERROR(FIND(D$1,$B11)),"×","○") -> ○ | E11: =IF(ISERROR(FIND(E$1,$B11)),"×","○") -> × | F11: =IF(ISERROR(FIND(F$1,$B11)),"×","○") -> × | G11: 過ごしていない | J11: 子どもだけで過ごした | K11: 取得していない | L11: ふれあいホリデーを知ったのが、直前だったため業務を調整できなかった | M11: =IF(ISERROR(SEARCH(M$1,$L11)),"","○") | N11: =IF(ISERROR(SEARCH(N$1,$L11)),"","○") | O11: =IF(ISERROR(SEARCH(O$1,$L11)),"","○") | P11: =IF(ISERROR(SEARCH(P$1,$L11)),"","○") | Q11: =IF(ISERROR(SEARCH(Q$1,$L11)),"","○") | R11: =IF(ISERROR(SEARCH(R$1,$L11)),"","○") | T11: 何か特別な活動に取り組むのではなく、ただただ子どもと一緒にゆっくり過ごしたい。 | U11: 10月以外 | V11: 良い機会だと思ったが、急だったので休みを取ることができなかった。年度はじめなどに、余裕をもって告知をしてもらいたい。(されていたのかもしれないが、実施の数週間前に新聞紙面で知った) ふれあいホリデーの翌週、子どもから「(自分の友達は)みんなお昼ごはんは“ぼっちごはん”だったらしいよ」と言われた。改めて、休みを取って子どもと一緒に過ごしてやりたかったと感じた。 保護者の有給取得促進をねらいのひとつとしてもらうのはありがたいが、児童への教育的配慮に欠ける、大人の都合を子どもたちに押し付けた強引な実施だったように感じる。 このような意見はきっと公表されないんだろうなとも思っている。
A12: 45631.262 | B12: 小学校１年生, 小学校６年生 | C12: =IF(ISERROR(FIND(C$1,$B12)),"×","○") -> × | D12: =IF(ISERROR(FIND(D$1,$B12)),"×","○") -> ○ | E12: =IF(ISERROR(FIND(E$1,$B12)),"×","○") -> × | F12: =IF(ISERROR(FIND(F$1,$B12)),"×","○") -> × | G12: 過ごした | H12: 倉吉市外へ出かけた | I12: 家族旅行 | K12: 取得した | M12: =IF(ISERROR(SEARCH(M$1,$L12)),"","○") | N12: =IF(ISERROR(SEARCH(N$1,$L12)),"","○") | O12: =IF(ISERROR(SEARCH(O$1,$L12)),"","○") | P12: =IF(ISERROR(SEARCH(P$1,$L12)),"","○") | Q12: =IF(ISERROR(SEARCH(Q$1,$L12)),"","○") | R12: =IF(ISERROR(SEARCH(R$1,$L12)),"","○") | T12: 家庭でふれあいや体験活動等に取り組みたい | U12: 11月22日以外 | V12: 11月23日には、全国の神社で新嘗祭が行われ、連休を活かして活動しようとすると、地域の行事とバッティングする。 この度、同様の取り組みが他県でも実施されていることを知らず、県外旅行を計画したが、平日にもかかわらず旅行先が混雑しており、拍子抜けした。他市、他県での取り組み状況について情報提供いただけるとありがたい。
A13: 45632.963 | B13: 未就学児, 小学校１年生, 小学校３年生 | C13: =IF(ISERROR(FIND(C$1,$B13)),"×","○") -> ○ | D13: =IF(ISERROR(FIND(D$1,$B13)),"×","○") -> ○ | E13: =IF(ISERROR(FIND(E$1,$B13)),"×","○") -> × | F13: =IF(ISERROR(FIND(F$1,$B13)),"×","○") -> × | G13: 過ごしていない | J13: （回答者様以外の）家族、親類等と過ごした | K13: 取得していない | L13: 取得しにくかった | M13: =IF(ISERROR(SEARCH(M$1,$L13)),"","○") | N13: =IF(ISERROR(SEARCH(N$1,$L13)),"","○") | O13: =IF(ISERROR(SEARCH(O$1,$L13)),"","○") | P13: =IF(ISERROR(SEARCH(P$1,$L13)),"","○") | Q13: =IF(ISERROR(SEARCH(Q$1,$L13)),"","○") -> ○ | R13: =IF(ISERROR(SEARCH(R$1,$L13)),"","○") | S13: 私は児童福祉施設で働いています。小学生の学童保育や中高生の学習支援などの仕事をしています。この日もお仕事をされていた親御さんがおられたので、利用児童の対応がありました。それもあり休みをとりにくかったです。 | T13: 体験等に取り組みたいが休暇が取得できるか分からない | U13: 11月ではなくても、どこかで。 | V13: 人様のお子様の面倒を見る職種の人間は休みがとれない。その人たちにも家庭があり子どもがいて、自分の子は学童に預けて人様のお子様を見るということになる。どうしようもないことだが。
A14: 45626.892 | B14: 小学校６年生 | C14: =IF(ISERROR(FIND(C$1,$B14)),"×","○") -> × | D14: =IF(ISERROR(FIND(D$1,$B14)),"×","○") -> ○ | E14: =IF(ISERROR(FIND(E$1,$B14)),"×","○") -> × | F14: =IF(ISERROR(FIND(F$1,$B14)),"×","○") -> × | G14: 過ごした | H14: 倉吉市外へ出かけた | I14: せっかくの休みだったので、県外にある水族館へ出かけました。 | K14: 取得した | M14: =IF(ISERROR(SEARCH(M$1,$L14)),"","○") | N14: =IF(ISERROR(SEARCH(N$1,$L14)),"","○") | O14: =IF(ISERROR(SEARCH(O$1,$L14)),"","○") | P14: =IF(ISERROR(SEARCH(P$1,$L14)),"","○") | Q14: =IF(ISERROR(SEARCH(Q$1,$L14)),"","○") | R14: =IF(ISERROR(SEARCH(R$1,$L14)),"","○") | T14: その時により考えたい | U14: 11月でも良いが、なんにもない時期がいい | V14: 金曜日にしてもらえたので、次の日も気楽にいれた。
A15: 45621.451 | B15: 未就学児, 小学校３年生 | C15: =IF(ISERROR(FIND(C$1,$B15)),"×","○") -> ○ | D15: =IF(ISERROR(FIND(D$1,$B15)),"×","○") -> ○ | E15: =IF(ISERROR(FIND(E$1,$B15)),"×","○") -> × | F15: =IF(ISERROR(FIND(F$1,$B15)),"×","○") -> × | G15: 過ごした | H15: イベント等に参加した | I15: 栞づくりに参加した | K15: 取得していない | L15: そもそも働いていない | M15: =IF(ISERROR(SEARCH(M$1,$L15)),"","○") | N15: =IF(ISERROR(SEARCH(N$1,$L15)),"","○") | O15: =IF(ISERROR(SEARCH(O$1,$L15)),"","○") | P15: =IF(ISERROR(SEARCH(P$1,$L15)),"","○") | Q15: =IF(ISERROR(SEARCH(Q$1,$L15)),"","○") | R15: =IF(ISERROR(SEARCH(R$1,$L15)),"","○") | U15: 11月の同じ時期
A16: 45621.456 | B16: 中学校１年生, 中学校２年生 | C16: =IF(ISERROR(FIND(C$1,$B16)),"×","○") -> × | D16: =IF(ISERROR(FIND(D$1,$B16)),"×","○") -> × | E16: =IF(ISERROR(FIND(E$1,$B16)),"×","○") -> ○ | F16: =IF(ISERROR(FIND(F$1,$B16)),"×","○") -> × | G16: 過ごした | H16: 倉吉市外へ出かけた | I16: お買い物 | K16: 取得していない | L16: 勤務日ではなかった | M16: =IF(ISERROR(SEARCH(M$1,$L16)),"","○") | N16: =IF(ISERROR(SEARCH(N$1,$L16)),"","○") | O16: =IF(ISERROR(SEARCH(O$1,$L16)),"","○") | P16: =IF(ISERROR(SEARCH(P$1,$L16)),"","○") | Q16: =IF(ISERROR(SEARCH(Q$1,$L16)),"","○") | R16: =IF(ISERROR(SEARCH(R$1,$L16)),"","○") -> ○ | T16: 体験等に取り組みたいが休暇が取得できるか分からない | U16: 11月の同じ時期
A17: 45621.462 | B17: 中学校２年生, 中学校卒業後 | C17: =IF(ISERROR(FIND(C$1,$B17)),"×","○") -> × | D17: =IF(ISERROR(FIND(D$1,$B17)),"×","○") -> × | E17: =IF(ISERROR(FIND(E$1,$B17)),"×","○") -> ○ | F17: =IF(ISERROR(FIND(F$1,$B17)),"×","○") -> ○ | G17: 過ごした | H17: その他 | I17: 病院受診など | K17: 取得した | M17: =IF(ISERROR(SEARCH(M$1,$L17)),"","○") | N17: =IF(ISERROR(SEARCH(N$1,$L17)),"","○") | O17: =IF(ISERROR(SEARCH(O$1,$L17)),"","○") | P17: =IF(ISERROR(SEARCH(P$1,$L17)),"","○") | Q17: =IF(ISERROR(SEARCH(Q$1,$L17)),"","○") | R17: =IF(ISERROR(SEARCH(R$1,$L17)),"","○") | T17: 体験等に取り組みたいが休暇が取得できるか分からない | U17: 11月の同じ時期
A18: 45621.473 | B18: 未就学児, 小学校１年生 | C18: =IF(ISERROR(FIND(C$1,$B18)),"×","○") -> ○ | D18: =IF(ISERROR(FIND(D$1,$B18)),"×","○") -> ○ | E18: =IF(ISERROR(FIND(E$1,$B18)),"×","○") -> × | F18: =IF(ISERROR(FIND(F$1,$B18)),"×","○") -> × | G18: 過ごしていない | J18: イベントに参加した | K18: 取得していない | L18: 取得するつもりはなかった | M18: =IF(ISERROR(SEARCH(M$1,$L18)),"","○") | N18: =IF(ISERROR(SEARCH(N$1,$L18)),"","○") | O18: =IF(ISERROR(SEARCH(O$1,$L18)),"","○") | P18: =IF(ISERROR(SEARCH(P$1,$L18)),"","○") -> ○ | Q18: =IF(ISERROR(SEARCH(Q$1,$L18)),"","○") | R18: =IF(ISERROR(SEARCH(R$1,$L18)),"","○") | S18: 母親がみた | T18: 体験等に取り組むつもりはない | U18: 11月の同じ時期
A19: 45622.743 | B19: 未就学児, 小学校４年生, 中学校３年生 | C19: =IF(ISERROR(FIND(C$1,$B19)),"×","○") -> ○ | D19: =IF(ISERROR(FIND(D$1,$B19)),"×","○") -> ○ | E19: =IF(ISERROR(FIND(E$1,$B19)),"×","○") -> ○ | F19: =IF(ISERROR(FIND(F$1,$B19)),"×","○") -> × | G19: 過ごした | H19: イベント等に参加した | I19: 徳田先生と遊んだ | K19: 取得した | M19: =IF(ISERROR(SEARCH(M$1,$L19)),"","○") | N19: =IF(ISERROR(SEARCH(N$1,$L19)),"","○") | O19: =IF(ISERROR(SEARCH(O$1,$L19)),"","○") | P19: =IF(ISERROR(SEARCH(P$1,$L19)),"","○") | Q19: =IF(ISERROR(SEARCH(Q$1,$L19)),"","○") | R19: =IF(ISERROR(SEARCH(R$1,$L19)),"","○") | T19: 家庭でふれあいや体験活動等に取り組みたい | U19: 11月の同じ時期 | V19: 佐藤さんお疲れ様
A20: 45624.724 | B20: 中学校１年生, 中学校３年生 | C20: =IF(ISERROR(FIND(C$1,$B20)),"×","○") -> × | D20: =IF(ISERROR(FIND(D$1,$B20)),"×","○") -> × | E20: =IF(ISERROR(FIND(E$1,$B20)),"×","○") -> ○ | F20: =IF(ISERROR(FIND(F$1,$B20)),"×","○") -> × | G20: 過ごした | H20: 倉吉市外へ出かけた | I20: 買い物 | K20: 取得していない | L20: 家に居るから | M20: =IF(ISERROR(SEARCH(M$1,$L20)),"","○") | N20: =IF(ISERROR(SEARCH(N$1,$L20)),"","○") | O20: =IF(ISERROR(SEARCH(O$1,$L20)),"","○") | P20: =IF(ISERROR(SEARCH(P$1,$L20)),"","○") | Q20: =IF(ISERROR(SEARCH(Q$1,$L20)),"","○") | R20: =IF(ISERROR(SEARCH(R$1,$L20)),"","○") | T20: 家庭でふれあいや体験活動等に取り組みたい | U20: 11月の同じ時期
A21: 45624.766 | B21: 中学校３年生 | C21: =IF(ISERROR(FIND(C$1,$B21)),"×","○") -> × | D21: =IF(ISERROR(FIND(D$1,$B21)),"×","○") -> × | E21: =IF(ISERROR(FIND(E$1,$B21)),"×","○") -> ○ | F21: =IF(ISERROR(FIND(F$1,$B21)),"×","○") -> × | G21: 過ごした | H21: 家庭で過ごした | I21: 家で一緒に過ごした。 | K21: 取得していない | L21: 取得しにくかった | M21: =IF(ISERROR(SEARCH(M$1,$L21)),"","○") | N21: =IF(ISERROR(SEARCH(N$1,$L21)),"","○") | O21: =IF(ISERROR(SEARCH(O$1,$L21)),"","○") | P21: =IF(ISERROR(SEARCH(P$1,$L21)),"","○") | Q21: =IF(ISERROR(SEARCH(Q$1,$L21)),"","○") -> ○ | R21: =IF(ISERROR(SEARCH(R$1,$L21)),"","○") | S21: 勤務表がでていたため | T21: 家庭でふれあいや体験活動等に取り組みたい | U21: 11月の同じ時期
A22: 45624.775 | B22: 未就学児, 小学校６年生, 中学校１年生, 中学校３年生 | C22: =IF(ISERROR(FIND(C$1,$B22)),"×","○") -> ○ | D22: =IF(ISERROR(FIND(D$1,$B22)),"×","○") -> ○ | E22: =IF(ISERROR(FIND(E$1,$B22)),"×","○") -> ○ | F22: =IF(ISERROR(FIND(F$1,$B22)),"×","○") -> × | G22: 過ごした | H22: 家庭で過ごした | I22: ゆっくり過ごした | K22: 取得した | M22: =IF(ISERROR(SEARCH(M$1,$L22)),"","○") | N22: =IF(ISERROR(SEARCH(N$1,$L22)),"","○") | O22: =IF(ISERROR(SEARCH(O$1,$L22)),"","○") | P22: =IF(ISERROR(SEARCH(P$1,$L22)),"","○") | Q22: =IF(ISERROR(SEARCH(Q$1,$L22)),"","○") | R22: =IF(ISERROR(SEARCH(R$1,$L22)),"","○") | T22: 体験等に取り組むつもりはない | U22: 11月の同じ時期
A23: 45624.829 | B23: 中学校２年生 | C23: =IF(ISERROR(FIND(C$1,$B23)),"×","○") -> × | D23: =IF(ISERROR(FIND(D$1,$B23)),"×","○") -> × | E23: =IF(ISERROR(FIND(E$1,$B23)),"×","○") -> ○ | F23: =IF(ISERROR(FIND(F$1,$B23)),"×","○") -> × | G23: 過ごしていない | J23: 子どもだけで過ごした | K23: 取得していない | L23: 業務多忙で取得できなかった | M23: =IF(ISERROR(SEARCH(M$1,$L23)),"","○") | N23: =IF(ISERROR(SEARCH(N$1,$L23)),"","○") -> ○ | O23: =IF(ISERROR(SEARCH(O$1,$L23)),"","○") | P23: =IF(ISERROR(SEARCH(P$1,$L23)),"","○") | Q23: =IF(ISERROR(SEARCH(Q$1,$L23)),"","○") | R23: =IF(ISERROR(SEARCH(R$1,$L23)),"","○") | T23: 体験等に取り組みたいが休暇が取得できるか分からない | U23: 11月の同じ時期
A24: 45624.863 | B24: 中学校１年生, 中学校卒業後 | C24: =IF(ISERROR(FIND(C$1,$B24)),"×","○") -> × | D24: =IF(ISERROR(FIND(D$1,$B24)),"×","○") -> × | E24: =IF(ISERROR(FIND(E$1,$B24)),"×","○") -> ○ | F24: =IF(ISERROR(FIND(F$1,$B24)),"×","○") -> ○ | G24: 過ごしていない | J24: 友達と遊んでいた | K24: 取得していない | L24: 取得するつもりはなかった | M24: =IF(ISERROR(SEARCH(M$1,$L24)),"","○") | N24: =IF(ISERROR(SEARCH(N$1,$L24)),"","○") | O24: =IF(ISERROR(SEARCH(O$1,$L24)),"","○") | P24: =IF(ISERROR(SEARCH(P$1,$L24)),"","○") -> ○ | Q24: =IF(ISERROR(SEARCH(Q$1,$L24)),"","○") | R24: =IF(ISERROR(SEARCH(R$1,$L24)),"","○") | S24: 職場のスタッフが不足してしまうから | T24: 体験等に取り組みたいが休暇が取得できるか分からない | U24: 11月の同じ時期 | V24: 中学生男子は親と過ごすなんてあり得ない
A25: 45625.004 | B25: 中学校３年生 | C25: =IF(ISERROR(FIND(C$1,$B25)),"×","○") -> × | D25: =IF(ISERROR(FIND(D$1,$B25)),"×","○") -> × | E25: =IF(ISERROR(FIND(E$1,$B25)),"×","○") -> ○ | F25: =IF(ISERROR(FIND(F$1,$B25)),"×","○") -> × | G25: 過ごしていない | J25: 子どもだけで過ごした | K25: 取得していない | L25: 自営業だから | M25: =IF(ISERROR(SEARCH(M$1,$L25)),"","○") | N25: =IF(ISERROR(SEARCH(N$1,$L25)),"","○") | O25: =IF(ISERROR(SEARCH(O$1,$L25)),"","○") -> ○ | P25: =IF(ISERROR(SEARCH(P$1,$L25)),"","○") | Q25: =IF(ISERROR(SEARCH(Q$1,$L25)),"","○") | R25: =IF(ISERROR(SEARCH(R$1,$L25)),"","○") | T25: イベント等で体験活動に参加したい | U25: 11月の同じ時期
A26: 45625.018 | B26: 小学校５年生, 中学校２年生 | C26: =IF(ISERROR(FIND(C$1,$B26)),"×","○") -> × | D26: =IF(ISERROR(FIND(D$1,$B26)),"×","○") -> ○ | E26: =IF(ISERROR(FIND(E$1,$B26)),"×","○") -> ○ | F26: =IF(ISERROR(FIND(F$1,$B26)),"×","○") -> × | G26: 過ごした | H26: 倉吉市外へ出かけた | I26: 出雲大社へ行きました。 | K26: 取得した | M26: =IF(ISERROR(SEARCH(M$1,$L26)),"","○") | N26: =IF(ISERROR(SEARCH(N$1,$L26)),"","○") | O26: =IF(ISERROR(SEARCH(O$1,$L26)),"","○") | P26: =IF(ISERROR(SEARCH(P$1,$L26)),"","○") | Q26: =IF(ISERROR(SEARCH(Q$1,$L26)),"","○") | R26: =IF(ISERROR(SEARCH(R$1,$L26)),"","○") | T26: 家庭でふれあいや体験活動等に取り組みたい | U26: 11月の同じ時期 | V26: 周りの人はふれあいホリデーだと知らなくて休みを取っていない保護者も結構ありました。 休みになっても友達と遊びに行っている子ども達も結構あったみたいで休みである必要があるのかどうか疑問です。 我が家は来年も休みになれば家族でどこかにお出かけしたいと思います。普段行かない所に平日行けたので、人も少なくて過ごしやすかったです。
A27: 45625.341 | B27: 小学校４年生, 中学校１年生 | C27: =IF(ISERROR(FIND(C$1,$B27)),"×","○") -> × | D27: =IF(ISERROR(FIND(D$1,$B27)),"×","○") -> ○ | E27: =IF(ISERROR(FIND(E$1,$B27)),"×","○") -> ○ | F27: =IF(ISERROR(FIND(F$1,$B27)),"×","○") -> × | G27: 過ごした | H27: 倉吉市内へ出かけた | I27: 食事と買い物 | K27: 取得した | M27: =IF(ISERROR(SEARCH(M$1,$L27)),"","○") | N27: =IF(ISERROR(SEARCH(N$1,$L27)),"","○") | O27: =IF(ISERROR(SEARCH(O$1,$L27)),"","○") | P27: =IF(ISERROR(SEARCH(P$1,$L27)),"","○") | Q27: =IF(ISERROR(SEARCH(Q$1,$L27)),"","○") | R27: =IF(ISERROR(SEARCH(R$1,$L27)),"","○") | T27: 体験等に取り組みたいが休暇が取得できるか分からない | U27: 11月の同じ時期 | V27: 特になし
A28: 45625.39 | B28: 中学校１年生 | C28: =IF(ISERROR(FIND(C$1,$B28)),"×","○") -> × | D28: =IF(ISERROR(FIND(D$1,$B28)),"×","○") -> × | E28: =IF(ISERROR(FIND(E$1,$B28)),"×","○") -> ○ | F28: =IF(ISERROR(FIND(F$1,$B28)),"×","○") -> × | G28: 過ごしていない | J28: 友だちと遊びに行きました | K28: 取得していない | L28: 自営業だから | M28: =IF(ISERROR(SEARCH(M$1,$L28)),"","○") | N28: =IF(ISERROR(SEARCH(N$1,$L28)),"","○") | O28: =IF(ISERROR(SEARCH(O$1,$L28)),"","○") -> ○ | P28: =IF(ISERROR(SEARCH(P$1,$L28)),"","○") | Q28: =IF(ISERROR(SEARCH(Q$1,$L28)),"","○") | R28: =IF(ISERROR(SEARCH(R$1,$L28)),"","○") | T28: 家族よりも友だちを優先すると思います | U28: 11月の同じ時期
A29: 45625.557 | B29: 中学校２年生 | C29: =IF(ISERROR(FIND(C$1,$B29)),"×","○") -> × | D29: =IF(ISERROR(FIND(D$1,$B29)),"×","○") -> × | E29: =IF(ISERROR(FIND(E$1,$B29)),"×","○") -> ○ | F29: =IF(ISERROR(FIND(F$1,$B29)),"×","○") -> × | G29: 過ごしていない | J29: 子どもだけで過ごした | K29: 取得していない | L29: 取得しにくかった | M29: =IF(ISERROR(SEARCH(M$1,$L29)),"","○") | N29: =IF(ISERROR(SEARCH(N$1,$L29)),"","○") | O29: =IF(ISERROR(SEARCH(O$1,$L29)),"","○") | P29: =IF(ISERROR(SEARCH(P$1,$L29)),"","○") | Q29: =IF(ISERROR(SEARCH(Q$1,$L29)),"","○") -> ○ | R29: =IF(ISERROR(SEARCH(R$1,$L29)),"","○") | S29: 土曜、日曜日と私用があり3連休は取得しにくかった。 | T29: 親が仕事でも、子供達だけで参加出来るイベントを開催してほしい。 | U29: 11月の同じ時期 | V29: 子供達だけで、朝からスーパーに買い物に来てた。 近くの公民館などで、気軽に子供だけで、参加出来るイベントを開催してもらえると、安心できる。
A30: 45625.565 | B30: 中学校３年生 | C30: =IF(ISERROR(FIND(C$1,$B30)),"×","○") -> × | D30: =IF(ISERROR(FIND(D$1,$B30)),"×","○") -> × | E30: =IF(ISERROR(FIND(E$1,$B30)),"×","○") -> ○ | F30: =IF(ISERROR(FIND(F$1,$B30)),"×","○") -> × | G30: 過ごした | H30: 倉吉市内へ出かけた | I30: 市内でお昼ごはんを食べたり、お買い物をしたりしました。久しぶりの平日のお休みだったので、ゆっくりと過ごすことが出来ました。 | K30: 取得していない | L30: 専業主婦 | M30: =IF(ISERROR(SEARCH(M$1,$L30)),"","○") | N30: =IF(ISERROR(SEARCH(N$1,$L30)),"","○") | O30: =IF(ISERROR(SEARCH(O$1,$L30)),"","○") | P30: =IF(ISERROR(SEARCH(P$1,$L30)),"","○") | Q30: =IF(ISERROR(SEARCH(Q$1,$L30)),"","○") | R30: =IF(ISERROR(SEARCH(R$1,$L30)),"","○") | T30: 家庭でふれあいや体験活動等に取り組みたい | U30: 11月の同じ時期 | V30: わが子と一緒に過ごす時間を大切にできる取り組みだと思います。こういった時間が少しずつ増えていったらなぁ…と感じました。
A31: 45625.63 | B31: 未就学児, 小学校１年生 | C31: =IF(ISERROR(FIND(C$1,$B31)),"×","○") -> ○ | D31: =IF(ISERROR(FIND(D$1,$B31)),"×","○") -> ○ | E31: =IF(ISERROR(FIND(E$1,$B31)),"×","○") -> × | F31: =IF(ISERROR(FIND(F$1,$B31)),"×","○") -> × | G31: 過ごした | H31: 家庭で過ごした | I31: 第二子(年中児)が体調不良で休みだったため自宅で過ごした。第一子(小1)と料理を作った。 | K31: 取得していない | L31: 育児休暇中 | M31: =IF(ISERROR(SEARCH(M$1,$L31)),"","○") | N31: =IF(ISERROR(SEARCH(N$1,$L31)),"","○") | O31: =IF(ISERROR(SEARCH(O$1,$L31)),"","○") | P31: =IF(ISERROR(SEARCH(P$1,$L31)),"","○") | Q31: =IF(ISERROR(SEARCH(Q$1,$L31)),"","○") | R31: =IF(ISERROR(SEARCH(R$1,$L31)),"","○") | T31: イベント等で体験活動に参加したい | U31: 11月の同じ時期 | V31: ふれあいホリデーがあってもなくても、ふれあいを大切にする家庭とそうでない家庭は分かれると思うので、わざわざこのような休日を持つのは不要かと思います。どうしても学童等に行かなければならない知人家族の話を聞くと可哀想だと感じました。
A32: 45625.637 | B32: 小学校２年生 | C32: =IF(ISERROR(FIND(C$1,$B32)),"×","○") -> × | D32: =IF(ISERROR(FIND(D$1,$B32)),"×","○") -> ○ | E32: =IF(ISERROR(FIND(E$1,$B32)),"×","○") -> × | F32: =IF(ISERROR(FIND(F$1,$B32)),"×","○") -> × | G32: 過ごした | H32: 倉吉市外へ出かけた | I32: 家族で旅行 | K32: 取得した | M32: =IF(ISERROR(SEARCH(M$1,$L32)),"","○") | N32: =IF(ISERROR(SEARCH(N$1,$L32)),"","○") | O32: =IF(ISERROR(SEARCH(O$1,$L32)),"","○") | P32: =IF(ISERROR(SEARCH(P$1,$L32)),"","○") | Q32: =IF(ISERROR(SEARCH(Q$1,$L32)),"","○") | R32: =IF(ISERROR(SEARCH(R$1,$L32)),"","○") | T32: 家庭でふれあいや体験活動等に取り組みたい | U32: 11月の同じ時期 | V32: 早くから日程等告知があったので飛行機や宿泊先の予約、旅の計画が出来て良かった。
A33: 45625.644 | B33: 小学校３年生 | C33: =IF(ISERROR(FIND(C$1,$B33)),"×","○") -> × | D33: =IF(ISERROR(FIND(D$1,$B33)),"×","○") -> ○ | E33: =IF(ISERROR(FIND(E$1,$B33)),"×","○") -> × | F33: =IF(ISERROR(FIND(F$1,$B33)),"×","○") -> × | G33: 過ごした | H33: イベント等に参加した | I33: チラシに載っている博物館のイベントに参加しました | K33: 取得していない | L33: 勤務日ではなかった | M33: =IF(ISERROR(SEARCH(M$1,$L33)),"","○") | N33: =IF(ISERROR(SEARCH(N$1,$L33)),"","○") | O33: =IF(ISERROR(SEARCH(O$1,$L33)),"","○") | P33: =IF(ISERROR(SEARCH(P$1,$L33)),"","○") | Q33: =IF(ISERROR(SEARCH(Q$1,$L33)),"","○") | R33: =IF(ISERROR(SEARCH(R$1,$L33)),"","○") -> ○ | T33: イベント等で体験活動に参加したい | U33: 11月の同じ時期 | V33: 普段から土日に市内の色々なイベントに参加しているので、イベントの内容的には特別な日だとは感じませんでしたが、平日休みは新鮮で良かったです。3連休になったのも嬉しいです
A34: 45625.645 | B34: 小学校２年生 | C34: =IF(ISERROR(FIND(C$1,$B34)),"×","○") -> × | D34: =IF(ISERROR(FIND(D$1,$B34)),"×","○") -> ○ | E34: =IF(ISERROR(FIND(E$1,$B34)),"×","○") -> × | F34: =IF(ISERROR(FIND(F$1,$B34)),"×","○") -> × | G34: 過ごした | H34: 倉吉市外へ出かけた | I34: ジョイフルパークに遊びに行きました。 | K34: 取得していない | L34: 勤務日ではなかった | M34: =IF(ISERROR(SEARCH(M$1,$L34)),"","○") | N34: =IF(ISERROR(SEARCH(N$1,$L34)),"","○") | O34: =IF(ISERROR(SEARCH(O$1,$L34)),"","○") | P34: =IF(ISERROR(SEARCH(P$1,$L34)),"","○") | Q34: =IF(ISERROR(SEARCH(Q$1,$L34)),"","○") | R34: =IF(ISERROR(SEARCH(R$1,$L34)),"","○") -> ○ | T34: イベント等で体験活動に参加したい | U34: 11月の同じ時期 | V34: 親が休めないとあまり意味がないなと思いました。今回は母親のみ休めていたので有意義に過ごせました。
A35: 45625.65 | B35: 中学校２年生 | C35: =IF(ISERROR(FIND(C$1,$B35)),"×","○") -> × | D35: =IF(ISERROR(FIND(D$1,$B35)),"×","○") -> × | E35: =IF(ISERROR(FIND(E$1,$B35)),"×","○") -> ○ | F35: =IF(ISERROR(FIND(F$1,$B35)),"×","○") -> × | G35: 過ごしていない | J35: 子どもだけで過ごした | K35: 取得していない | L35: 取得するつもりはなかった | M35: =IF(ISERROR(SEARCH(M$1,$L35)),"","○") | N35: =IF(ISERROR(SEARCH(N$1,$L35)),"","○") | O35: =IF(ISERROR(SEARCH(O$1,$L35)),"","○") | P35: =IF(ISERROR(SEARCH(P$1,$L35)),"","○") -> ○ | Q35: =IF(ISERROR(SEARCH(Q$1,$L35)),"","○") | R35: =IF(ISERROR(SEARCH(R$1,$L35)),"","○") | S35: シフトが休みなら休めばいいと思った。出かけるなら家族揃って休みの日に出かけたい。 | T35: イベントの情報があれば考える | U35: 11月の同じ時期
A36: 45625.651 | B36: 未就学児, 小学校１年生 | C36: =IF(ISERROR(FIND(C$1,$B36)),"×","○") -> ○ | D36: =IF(ISERROR(FIND(D$1,$B36)),"×","○") -> ○ | E36: =IF(ISERROR(FIND(E$1,$B36)),"×","○") -> × | F36: =IF(ISERROR(FIND(F$1,$B36)),"×","○") -> × | G36: 過ごした | H36: 倉吉市外へ出かけた | I36: 朝からショッピングモールに行った | K36: 取得した | M36: =IF(ISERROR(SEARCH(M$1,$L36)),"","○") | N36: =IF(ISERROR(SEARCH(N$1,$L36)),"","○") | O36: =IF(ISERROR(SEARCH(O$1,$L36)),"","○") | P36: =IF(ISERROR(SEARCH(P$1,$L36)),"","○") | Q36: =IF(ISERROR(SEARCH(Q$1,$L36)),"","○") | R36: =IF(ISERROR(SEARCH(R$1,$L36)),"","○") | T36: 遠出をする | U36: 11月の同じ時期
A37: 45625.665 | B37: 小学校３年生, 中学校１年生, 中学校３年生 | C37: =IF(ISERROR(FIND(C$1,$B37)),"×","○") -> × | D37: =IF(ISERROR(FIND(D$1,$B37)),"×","○") -> ○ | E37: =IF(ISERROR(FIND(E$1,$B37)),"×","○") -> ○ | F37: =IF(ISERROR(FIND(F$1,$B37)),"×","○") -> × | G37: 過ごしていない | J37: 知り合いに預けた | K37: 取得していない | L37: 取得しにくかった | M37: =IF(ISERROR(SEARCH(M$1,$L37)),"","○") | N37: =IF(ISERROR(SEARCH(N$1,$L37)),"","○") | O37: =IF(ISERROR(SEARCH(O$1,$L37)),"","○") | P37: =IF(ISERROR(SEARCH(P$1,$L37)),"","○") | Q37: =IF(ISERROR(SEARCH(Q$1,$L37)),"","○") -> ○ | R37: =IF(ISERROR(SEARCH(R$1,$L37)),"","○") | S37: 学校行事で有給を使っており、休みにくい | T37: 体験等に取り組みたいが休暇が取得できるか分からない | U37: 11月の同じ時期
A38: 45625.693 | B38: 小学校３年生, 小学校６年生 | C38: =IF(ISERROR(FIND(C$1,$B38)),"×","○") -> × | D38: =IF(ISERROR(FIND(D$1,$B38)),"×","○") -> ○ | E38: =IF(ISERROR(FIND(E$1,$B38)),"×","○") -> × | F38: =IF(ISERROR(FIND(F$1,$B38)),"×","○") -> × | G38: 過ごしていない | J38: （回答者様以外の）家族、親類等と過ごした | K38: 取得していない | L38: 取得しにくかった | M38: =IF(ISERROR(SEARCH(M$1,$L38)),"","○") | N38: =IF(ISERROR(SEARCH(N$1,$L38)),"","○") | O38: =IF(ISERROR(SEARCH(O$1,$L38)),"","○") | P38: =IF(ISERROR(SEARCH(P$1,$L38)),"","○") | Q38: =IF(ISERROR(SEARCH(Q$1,$L38)),"","○") -> ○ | R38: =IF(ISERROR(SEARCH(R$1,$L38)),"","○") | S38: 金曜日休むと3連休になるため休めない | T38: 体験等に取り組みたいが休暇が取得できるか分からない | U38: 11月の同じ時期 | V38: 仕事の休みがとりづらい。
A39: 45625.709 | B39: 未就学児, 小学校３年生, 小学校５年生 | C39: =IF(ISERROR(FIND(C$1,$B39)),"×","○") -> ○ | D39: =IF(ISERROR(FIND(D$1,$B39)),"×","○") -> ○ | E39: =IF(ISERROR(FIND(E$1,$B39)),"×","○") -> × | F39: =IF(ISERROR(FIND(F$1,$B39)),"×","○") -> × | G39: 過ごしていない | J39: 学校の友達と遊んでいた | K39: 取得していない | L39: 取り組みを知らずに通常通りの仕事だった | M39: =IF(ISERROR(SEARCH(M$1,$L39)),"","○") | N39: =IF(ISERROR(SEARCH(N$1,$L39)),"","○") | O39: =IF(ISERROR(SEARCH(O$1,$L39)),"","○") | P39: =IF(ISERROR(SEARCH(P$1,$L39)),"","○") | Q39: =IF(ISERROR(SEARCH(Q$1,$L39)),"","○") | R39: =IF(ISERROR(SEARCH(R$1,$L39)),"","○") | T39: 前月にお知らせが欲しい | U39: 11月の同じ時期
A40: 45625.712 | B40: 小学校１年生, 小学校４年生, 中学校１年生 | C40: =IF(ISERROR(FIND(C$1,$B40)),"×","○") -> × | D40: =IF(ISERROR(FIND(D$1,$B40)),"×","○") -> ○ | E40: =IF(ISERROR(FIND(E$1,$B40)),"×","○") -> ○ | F40: =IF(ISERROR(FIND(F$1,$B40)),"×","○") -> × | G40: 過ごしていない | J40: 子どもだけで過ごした | K40: 取得していない | L40: 取得するつもりはなかった | M40: =IF(ISERROR(SEARCH(M$1,$L40)),"","○") | N40: =IF(ISERROR(SEARCH(N$1,$L40)),"","○") | O40: =IF(ISERROR(SEARCH(O$1,$L40)),"","○") | P40: =IF(ISERROR(SEARCH(P$1,$L40)),"","○") -> ○ | Q40: =IF(ISERROR(SEARCH(Q$1,$L40)),"","○") | R40: =IF(ISERROR(SEARCH(R$1,$L40)),"","○") | S40: 平日は仕事の為 | T40: 体験等に取り組みたいが休暇が取得できるか分からない | U40: 11月の同じ時期
A41: 45625.728 | B41: 小学校１年生, 小学校６年生 | C41: =IF(ISERROR(FIND(C$1,$B41)),"×","○") -> × | D41: =IF(ISERROR(FIND(D$1,$B41)),"×","○") -> ○ | E41: =IF(ISERROR(FIND(E$1,$B41)),"×","○") -> × | F41: =IF(ISERROR(FIND(F$1,$B41)),"×","○") -> × | G41: 過ごした | H41: 倉吉市外へ出かけた | I41: 東京、横浜旅行 | K41: 取得した | M41: =IF(ISERROR(SEARCH(M$1,$L41)),"","○") | N41: =IF(ISERROR(SEARCH(N$1,$L41)),"","○") | O41: =IF(ISERROR(SEARCH(O$1,$L41)),"","○") | P41: =IF(ISERROR(SEARCH(P$1,$L41)),"","○") | Q41: =IF(ISERROR(SEARCH(Q$1,$L41)),"","○") | R41: =IF(ISERROR(SEARCH(R$1,$L41)),"","○") | T41: 旅行 | U41: 11月の同じ時期
A42: 45625.732 | B42: 小学校４年生 | C42: =IF(ISERROR(FIND(C$1,$B42)),"×","○") -> × | D42: =IF(ISERROR(FIND(D$1,$B42)),"×","○") -> ○ | E42: =IF(ISERROR(FIND(E$1,$B42)),"×","○") -> × | F42: =IF(ISERROR(FIND(F$1,$B42)),"×","○") -> × | G42: 過ごした | H42: 倉吉市外へ出かけた | I42: 家族で県外に用事で出かけた | K42: 取得した | M42: =IF(ISERROR(SEARCH(M$1,$L42)),"","○") | N42: =IF(ISERROR(SEARCH(N$1,$L42)),"","○") | O42: =IF(ISERROR(SEARCH(O$1,$L42)),"","○") | P42: =IF(ISERROR(SEARCH(P$1,$L42)),"","○") | Q42: =IF(ISERROR(SEARCH(Q$1,$L42)),"","○") | R42: =IF(ISERROR(SEARCH(R$1,$L42)),"","○") | T42: 体験等に取り組みたいが休暇が取得できるか分からない | U42: 11月の同じ時期 | V42: 私の職場は子育て中の方が多く、今回は私が休みを取りましたが、他の保護者の方は休みを取れないので、難しいと思いました。
A43: 45625.738 | B43: 小学校２年生 | C43: =IF(ISERROR(FIND(C$1,$B43)),"×","○") -> × | D43: =IF(ISERROR(FIND(D$1,$B43)),"×","○") -> ○ | E43: =IF(ISERROR(FIND(E$1,$B43)),"×","○") -> × | F43: =IF(ISERROR(FIND(F$1,$B43)),"×","○") -> × | G43: 過ごした | H43: 家庭で過ごした | I43: お昼ご飯を食べに出かけた以外は自宅 | K43: 取得した | M43: =IF(ISERROR(SEARCH(M$1,$L43)),"","○") | N43: =IF(ISERROR(SEARCH(N$1,$L43)),"","○") | O43: =IF(ISERROR(SEARCH(O$1,$L43)),"","○") | P43: =IF(ISERROR(SEARCH(P$1,$L43)),"","○") | Q43: =IF(ISERROR(SEARCH(Q$1,$L43)),"","○") | R43: =IF(ISERROR(SEARCH(R$1,$L43)),"","○") | T43: 体験等に取り組むつもりはない | U43: 11月の同じ時期
A44: 45625.741 | B44: 中学校２年生 | C44: =IF(ISERROR(FIND(C$1,$B44)),"×","○") -> × | D44: =IF(ISERROR(FIND(D$1,$B44)),"×","○") -> × | E44: =IF(ISERROR(FIND(E$1,$B44)),"×","○") -> ○ | F44: =IF(ISERROR(FIND(F$1,$B44)),"×","○") -> × | G44: 過ごした | H44: 家庭で過ごした | I44: 期末テストに向けての学習を見守った | K44: 取得していない | L44: 仕事をしていない | M44: =IF(ISERROR(SEARCH(M$1,$L44)),"","○") | N44: =IF(ISERROR(SEARCH(N$1,$L44)),"","○") | O44: =IF(ISERROR(SEARCH(O$1,$L44)),"","○") | P44: =IF(ISERROR(SEARCH(P$1,$L44)),"","○") | Q44: =IF(ISERROR(SEARCH(Q$1,$L44)),"","○") | R44: =IF(ISERROR(SEARCH(R$1,$L44)),"","○") | T44: 体験等に取り組むつもりはない | U44: 11月の同じ時期
A45: 45625.749 | B45: 小学校５年生 | C45: =IF(ISERROR(FIND(C$1,$B45)),"×","○") -> × | D45: =IF(ISERROR(FIND(D$1,$B45)),"×","○") -> ○ | E45: =IF(ISERROR(FIND(E$1,$B45)),"×","○") -> × | F45: =IF(ISERROR(FIND(F$1,$B45)),"×","○") -> × | G45: 過ごした | H45: 倉吉市外へ出かけた | I45: USJに行った | K45: 取得した | M45: =IF(ISERROR(SEARCH(M$1,$L45)),"","○") | N45: =IF(ISERROR(SEARCH(N$1,$L45)),"","○") | O45: =IF(ISERROR(SEARCH(O$1,$L45)),"","○") | P45: =IF(ISERROR(SEARCH(P$1,$L45)),"","○") | Q45: =IF(ISERROR(SEARCH(Q$1,$L45)),"","○") | R45: =IF(ISERROR(SEARCH(R$1,$L45)),"","○") | T45: またUSJへ行きたい | U45: 11月の同じ時期 | V45: なし
A46: 45625.759 | B46: 小学校５年生, 中学校３年生 | C46: =IF(ISERROR(FIND(C$1,$B46)),"×","○") -> × | D46: =IF(ISERROR(FIND(D$1,$B46)),"×","○") -> ○ | E46: =IF(ISERROR(FIND(E$1,$B46)),"×","○") -> ○ | F46: =IF(ISERROR(FIND(F$1,$B46)),"×","○") -> × | G46: 過ごした | H46: 倉吉市外へ出かけた | I46: 買い物をした | K46: 取得した | M46: =IF(ISERROR(SEARCH(M$1,$L46)),"","○") | N46: =IF(ISERROR(SEARCH(N$1,$L46)),"","○") | O46: =IF(ISERROR(SEARCH(O$1,$L46)),"","○") | P46: =IF(ISERROR(SEARCH(P$1,$L46)),"","○") | Q46: =IF(ISERROR(SEARCH(Q$1,$L46)),"","○") | R46: =IF(ISERROR(SEARCH(R$1,$L46)),"","○") | T46: 家族で出かけたい | U46: 11月の同じ時期
A47: 45625.772 | B47: 小学校３年生 | C47: =IF(ISERROR(FIND(C$1,$B47)),"×","○") -> × | D47: =IF(ISERROR(FIND(D$1,$B47)),"×","○") -> ○ | E47: =IF(ISERROR(FIND(E$1,$B47)),"×","○") -> × | F47: =IF(ISERROR(FIND(F$1,$B47)),"×","○") -> × | G47: 過ごしていない | J47: 放課後児童クラブ等を利用した | K47: 取得していない | L47: 取得しにくかった | M47: =IF(ISERROR(SEARCH(M$1,$L47)),"","○") | N47: =IF(ISERROR(SEARCH(N$1,$L47)),"","○") | O47: =IF(ISERROR(SEARCH(O$1,$L47)),"","○") | P47: =IF(ISERROR(SEARCH(P$1,$L47)),"","○") | Q47: =IF(ISERROR(SEARCH(Q$1,$L47)),"","○") -> ○ | R47: =IF(ISERROR(SEARCH(R$1,$L47)),"","○") | T47: 家庭でふれあいや体験活動等に取り組みたい | U47: 11月の同じ時期
A48: 45625.774 | B48: 小学校３年生 | C48: =IF(ISERROR(FIND(C$1,$B48)),"×","○") -> × | D48: =IF(ISERROR(FIND(D$1,$B48)),"×","○") -> ○ | E48: =IF(ISERROR(FIND(E$1,$B48)),"×","○") -> × | F48: =IF(ISERROR(FIND(F$1,$B48)),"×","○") -> × | G48: 過ごしていない | J48: （回答者様以外の）家族、親類等と過ごした | K48: 取得していない | L48: 業務多忙で取得できなかった | M48: =IF(ISERROR(SEARCH(M$1,$L48)),"","○") | N48: =IF(ISERROR(SEARCH(N$1,$L48)),"","○") -> ○ | O48: =IF(ISERROR(SEARCH(O$1,$L48)),"","○") | P48: =IF(ISERROR(SEARCH(P$1,$L48)),"","○") | Q48: =IF(ISERROR(SEARCH(Q$1,$L48)),"","○") | R48: =IF(ISERROR(SEARCH(R$1,$L48)),"","○") | T48: 体験等に取り組みたいが休暇が取得できるか分からない | U48: 11月の同じ時期
A49: 45625.778 | B49: 小学校１年生, 小学校２年生 | C49: =IF(ISERROR(FIND(C$1,$B49)),"×","○") -> × | D49: =IF(ISERROR(FIND(D$1,$B49)),"×","○") -> ○ | E49: =IF(ISERROR(FIND(E$1,$B49)),"×","○") -> × | F49: =IF(ISERROR(FIND(F$1,$B49)),"×","○") -> × | G49: 過ごした | H49: 倉吉市外へ出かけた | I49: 旅行 | K49: 取得していない | L49: 勤務日ではなかった | M49: =IF(ISERROR(SEARCH(M$1,$L49)),"","○") | N49: =IF(ISERROR(SEARCH(N$1,$L49)),"","○") | O49: =IF(ISERROR(SEARCH(O$1,$L49)),"","○") | P49: =IF(ISERROR(SEARCH(P$1,$L49)),"","○") | Q49: =IF(ISERROR(SEARCH(Q$1,$L49)),"","○") | R49: =IF(ISERROR(SEARCH(R$1,$L49)),"","○") -> ○ | T49: 家庭でふれあいや体験活動等に取り組みたい | U49: 11月の同じ時期 | V49: 今年のように早めに日程がわかると親の休みも取りやすいです。とてもありがたい休みでした。
A50: 45625.779 | B50: 小学校５年生, 中学校２年生 | C50: =IF(ISERROR(FIND(C$1,$B50)),"×","○") -> × | D50: =IF(ISERROR(FIND(D$1,$B50)),"×","○") -> ○ | E50: =IF(ISERROR(FIND(E$1,$B50)),"×","○") -> ○ | F50: =IF(ISERROR(FIND(F$1,$B50)),"×","○") -> × | G50: 過ごしていない | J50: （回答者様以外の）家族、親類等と過ごした | K50: 取得していない | L50: 業務多忙で取得できなかった | M50: =IF(ISERROR(SEARCH(M$1,$L50)),"","○") | N50: =IF(ISERROR(SEARCH(N$1,$L50)),"","○") -> ○ | O50: =IF(ISERROR(SEARCH(O$1,$L50)),"","○") | P50: =IF(ISERROR(SEARCH(P$1,$L50)),"","○") | Q50: =IF(ISERROR(SEARCH(Q$1,$L50)),"","○") | R50: =IF(ISERROR(SEARCH(R$1,$L50)),"","○") | T50: 体験等に取り組みたいが休暇が取得できるか分からない | U50: 11月の同じ時期
A51: 45625.781 | B51: 未就学児, 小学校１年生, 小学校３年生 | C51: =IF(ISERROR(FIND(C$1,$B51)),"×","○") -> ○ | D51: =IF(ISERROR(FIND(D$1,$B51)),"×","○") -> ○ | E51: =IF(ISERROR(FIND(E$1,$B51)),"×","○") -> × | F51: =IF(ISERROR(FIND(F$1,$B51)),"×","○") -> × | G51: 過ごした | H51: 倉吉市内へ出かけた | I51: 七五三 | K51: 取得した | M51: =IF(ISERROR(SEARCH(M$1,$L51)),"","○") | N51: =IF(ISERROR(SEARCH(N$1,$L51)),"","○") | O51: =IF(ISERROR(SEARCH(O$1,$L51)),"","○") | P51: =IF(ISERROR(SEARCH(P$1,$L51)),"","○") | Q51: =IF(ISERROR(SEARCH(Q$1,$L51)),"","○") | R51: =IF(ISERROR(SEARCH(R$1,$L51)),"","○") | T51: イベント等で体験活動に参加したい | U51: 11月の同じ時期
A52: 45625.79 | B52: 中学校２年生 | C52: =IF(ISERROR(FIND(C$1,$B52)),"×","○") -> × | D52: =IF(ISERROR(FIND(D$1,$B52)),"×","○") -> × | E52: =IF(ISERROR(FIND(E$1,$B52)),"×","○") -> ○ | F52: =IF(ISERROR(FIND(F$1,$B52)),"×","○") -> × | G52: 過ごしていない | J52: （回答者様以外の）家族、親類等と過ごした | K52: 取得していない | L52: 業務多忙で取得できなかった | M52: =IF(ISERROR(SEARCH(M$1,$L52)),"","○") | N52: =IF(ISERROR(SEARCH(N$1,$L52)),"","○") -> ○ | O52: =IF(ISERROR(SEARCH(O$1,$L52)),"","○") | P52: =IF(ISERROR(SEARCH(P$1,$L52)),"","○") | Q52: =IF(ISERROR(SEARCH(Q$1,$L52)),"","○") | R52: =IF(ISERROR(SEARCH(R$1,$L52)),"","○") | T52: 体験等に取り組みたいが休暇が取得できるか分からない | U52: 11月の同じ時期
A53: 45625.792 | B53: 小学校２年生 | C53: =IF(ISERROR(FIND(C$1,$B53)),"×","○") -> × | D53: =IF(ISERROR(FIND(D$1,$B53)),"×","○") -> ○ | E53: =IF(ISERROR(FIND(E$1,$B53)),"×","○") -> × | F53: =IF(ISERROR(FIND(F$1,$B53)),"×","○") -> × | G53: 過ごした | H53: 倉吉市外へ出かけた | I53: サントリー天然水奥大山ブナの森工場 | K53: 取得した | M53: =IF(ISERROR(SEARCH(M$1,$L53)),"","○") | N53: =IF(ISERROR(SEARCH(N$1,$L53)),"","○") | O53: =IF(ISERROR(SEARCH(O$1,$L53)),"","○") | P53: =IF(ISERROR(SEARCH(P$1,$L53)),"","○") | Q53: =IF(ISERROR(SEARCH(Q$1,$L53)),"","○") | R53: =IF(ISERROR(SEARCH(R$1,$L53)),"","○") | T53: 体験等に取り組みたいが休暇が取得できるか分からない | U53: 11月の同じ時期 | V53: このたびは学校の代休と同じ週だったため、家族みんなで過ごすことは難しかった。休みが中々取りにくい。来年度は休みのことも考えていただきたいです。
A54: 45625.81 | B54: 小学校３年生, 小学校６年生 | C54: =IF(ISERROR(FIND(C$1,$B54)),"×","○") -> × | D54: =IF(ISERROR(FIND(D$1,$B54)),"×","○") -> ○ | E54: =IF(ISERROR(FIND(E$1,$B54)),"×","○") -> × | F54: =IF(ISERROR(FIND(F$1,$B54)),"×","○") -> × | G54: 過ごした | H54: 倉吉市外へ出かけた | I54: ドライブがてら西の方へ出掛けました。 | K54: 取得していない | L54: 勤務日ではなかった | M54: =IF(ISERROR(SEARCH(M$1,$L54)),"","○") | N54: =IF(ISERROR(SEARCH(N$1,$L54)),"","○") | O54: =IF(ISERROR(SEARCH(O$1,$L54)),"","○") | P54: =IF(ISERROR(SEARCH(P$1,$L54)),"","○") | Q54: =IF(ISERROR(SEARCH(Q$1,$L54)),"","○") | R54: =IF(ISERROR(SEARCH(R$1,$L54)),"","○") -> ○ | T54: イベント等で体験活動に参加したい | U54: 11月の同じ時期
A55: 45625.814 | B55: 小学校２年生 | C55: =IF(ISERROR(FIND(C$1,$B55)),"×","○") -> × | D55: =IF(ISERROR(FIND(D$1,$B55)),"×","○") -> ○ | E55: =IF(ISERROR(FIND(E$1,$B55)),"×","○") -> × | F55: =IF(ISERROR(FIND(F$1,$B55)),"×","○") -> × | G55: 過ごした | H55: 倉吉市外へ出かけた | I55: 子供の趣味の鉄道を見に行った | K55: 取得した | M55: =IF(ISERROR(SEARCH(M$1,$L55)),"","○") | N55: =IF(ISERROR(SEARCH(N$1,$L55)),"","○") | O55: =IF(ISERROR(SEARCH(O$1,$L55)),"","○") | P55: =IF(ISERROR(SEARCH(P$1,$L55)),"","○") | Q55: =IF(ISERROR(SEARCH(Q$1,$L55)),"","○") | R55: =IF(ISERROR(SEARCH(R$1,$L55)),"","○") | T55: 家庭でふれあいや体験活動等に取り組みたい | U55: 11月の同じ時期
A56: 45625.817 | B56: 中学校１年生 | C56: =IF(ISERROR(FIND(C$1,$B56)),"×","○") -> × | D56: =IF(ISERROR(FIND(D$1,$B56)),"×","○") -> × | E56: =IF(ISERROR(FIND(E$1,$B56)),"×","○") -> ○ | F56: =IF(ISERROR(FIND(F$1,$B56)),"×","○") -> × | G56: 過ごしていない | J56: 子どもだけで過ごした | K56: 取得していない | L56: 業務多忙で取得できなかった | M56: =IF(ISERROR(SEARCH(M$1,$L56)),"","○") | N56: =IF(ISERROR(SEARCH(N$1,$L56)),"","○") -> ○ | O56: =IF(ISERROR(SEARCH(O$1,$L56)),"","○") | P56: =IF(ISERROR(SEARCH(P$1,$L56)),"","○") | Q56: =IF(ISERROR(SEARCH(Q$1,$L56)),"","○") | R56: =IF(ISERROR(SEARCH(R$1,$L56)),"","○") | T56: 体験等に取り組みたいが休暇が取得できるか分からない | U56: 11月の同じ時期
A57: 45625.817 | B57: 小学校４年生 | C57: =IF(ISERROR(FIND(C$1,$B57)),"×","○") -> × | D57: =IF(ISERROR(FIND(D$1,$B57)),"×","○") -> ○ | E57: =IF(ISERROR(FIND(E$1,$B57)),"×","○") -> × | F57: =IF(ISERROR(FIND(F$1,$B57)),"×","○") -> × | G57: 過ごしていない | J57: 放課後児童クラブ等を利用した | K57: 取得していない | L57: 業務多忙で取得できなかった, 取得しにくかった, | M57: =IF(ISERROR(SEARCH(M$1,$L57)),"","○") | N57: =IF(ISERROR(SEARCH(N$1,$L57)),"","○") -> ○ | O57: =IF(ISERROR(SEARCH(O$1,$L57)),"","○") | P57: =IF(ISERROR(SEARCH(P$1,$L57)),"","○") | Q57: =IF(ISERROR(SEARCH(Q$1,$L57)),"","○") -> ○ | R57: =IF(ISERROR(SEARCH(R$1,$L57)),"","○") | S57: ふれあいホリデーという物を知らなかったし、職場に倉吉市市内の保護者が何人もおり、全員が休みを取ったら仕事が回らないため | T57: 体験等に取り組みたいが休暇が取得できるか分からない | U57: 11月の同じ時期 | V57: 市内一斉にだと休みが取りにくいので、各学校で休みが被らない様にしてほしい
A58: 45625.819 | B58: 中学校１年生 | C58: =IF(ISERROR(FIND(C$1,$B58)),"×","○") -> × | D58: =IF(ISERROR(FIND(D$1,$B58)),"×","○") -> × | E58: =IF(ISERROR(FIND(E$1,$B58)),"×","○") -> ○ | F58: =IF(ISERROR(FIND(F$1,$B58)),"×","○") -> × | G58: 過ごした | H58: 家庭で過ごした | I58: 家でゆっくり過ごした | K58: 取得した | M58: =IF(ISERROR(SEARCH(M$1,$L58)),"","○") | N58: =IF(ISERROR(SEARCH(N$1,$L58)),"","○") | O58: =IF(ISERROR(SEARCH(O$1,$L58)),"","○") | P58: =IF(ISERROR(SEARCH(P$1,$L58)),"","○") | Q58: =IF(ISERROR(SEARCH(Q$1,$L58)),"","○") | R58: =IF(ISERROR(SEARCH(R$1,$L58)),"","○") | T58: 体験等に取り組むつもりはない | U58: 11月の同じ時期
A59: 45625.842 | B59: 中学校２年生 | C59: =IF(ISERROR(FIND(C$1,$B59)),"×","○") -> × | D59: =IF(ISERROR(FIND(D$1,$B59)),"×","○") -> × | E59: =IF(ISERROR(FIND(E$1,$B59)),"×","○") -> ○ | F59: =IF(ISERROR(FIND(F$1,$B59)),"×","○") -> × | G59: 過ごしていない | J59: 子どもだけで過ごした | K59: 取得していない | L59: 業務多忙で取得できなかった | M59: =IF(ISERROR(SEARCH(M$1,$L59)),"","○") | N59: =IF(ISERROR(SEARCH(N$1,$L59)),"","○") -> ○ | O59: =IF(ISERROR(SEARCH(O$1,$L59)),"","○") | P59: =IF(ISERROR(SEARCH(P$1,$L59)),"","○") | Q59: =IF(ISERROR(SEARCH(Q$1,$L59)),"","○") | R59: =IF(ISERROR(SEARCH(R$1,$L59)),"","○") | T59: 体験等に取り組むつもりはない | U59: 11月の同じ時期
A60: 45625.849 | B60: 小学校４年生, 中学校１年生, 中学校卒業後 | C60: =IF(ISERROR(FIND(C$1,$B60)),"×","○") -> × | D60: =IF(ISERROR(FIND(D$1,$B60)),"×","○") -> ○ | E60: =IF(ISERROR(FIND(E$1,$B60)),"×","○") -> ○ | F60: =IF(ISERROR(FIND(F$1,$B60)),"×","○") -> ○ | G60: 過ごしていない | J60: 子どもだけで過ごした | K60: 取得していない | L60: 業務多忙で取得できなかった, 自営業だから | M60: =IF(ISERROR(SEARCH(M$1,$L60)),"","○") | N60: =IF(ISERROR(SEARCH(N$1,$L60)),"","○") -> ○ | O60: =IF(ISERROR(SEARCH(O$1,$L60)),"","○") -> ○ | P60: =IF(ISERROR(SEARCH(P$1,$L60)),"","○") | Q60: =IF(ISERROR(SEARCH(Q$1,$L60)),"","○") | R60: =IF(ISERROR(SEARCH(R$1,$L60)),"","○") | T60: 体験等に取り組みたいが休暇が取得できるか分からない | U60: 11月の同じ時期
A61: 45625.854 | B61: 小学校１年生, 中学校２年生 | C61: =IF(ISERROR(FIND(C$1,$B61)),"×","○") -> × | D61: =IF(ISERROR(FIND(D$1,$B61)),"×","○") -> ○ | E61: =IF(ISERROR(FIND(E$1,$B61)),"×","○") -> ○ | F61: =IF(ISERROR(FIND(F$1,$B61)),"×","○") -> × | G61: 過ごしていない | J61: 放課後児童クラブ等を利用した | K61: 取得していない | L61: 業務多忙で取得できなかった | M61: =IF(ISERROR(SEARCH(M$1,$L61)),"","○") | N61: =IF(ISERROR(SEARCH(N$1,$L61)),"","○") -> ○ | O61: =IF(ISERROR(SEARCH(O$1,$L61)),"","○") | P61: =IF(ISERROR(SEARCH(P$1,$L61)),"","○") | Q61: =IF(ISERROR(SEARCH(Q$1,$L61)),"","○") | R61: =IF(ISERROR(SEARCH(R$1,$L61)),"","○") | T61: 体験等に取り組みたいが休暇が取得できるか分からない | U61: 11月の同じ時期
A62: 45625.859 | B62: 小学校１年生, 小学校４年生 | C62: =IF(ISERROR(FIND(C$1,$B62)),"×","○") -> × | D62: =IF(ISERROR(FIND(D$1,$B62)),"×","○") -> ○ | E62: =IF(ISERROR(FIND(E$1,$B62)),"×","○") -> × | F62: =IF(ISERROR(FIND(F$1,$B62)),"×","○") -> × | G62: 過ごしていない | J62: 放課後児童クラブ等を利用した | K62: 取得していない | L62: 勤務日ではなかった | M62: =IF(ISERROR(SEARCH(M$1,$L62)),"","○") | N62: =IF(ISERROR(SEARCH(N$1,$L62)),"","○") | O62: =IF(ISERROR(SEARCH(O$1,$L62)),"","○") | P62: =IF(ISERROR(SEARCH(P$1,$L62)),"","○") | Q62: =IF(ISERROR(SEARCH(Q$1,$L62)),"","○") | R62: =IF(ISERROR(SEARCH(R$1,$L62)),"","○") -> ○ | T62: 体験等に取り組みたいが休暇が取得できるか分からない | U62: 11月の同じ時期
A63: 45625.861 | B63: 小学校２年生, 小学校４年生, 小学校６年生 | C63: =IF(ISERROR(FIND(C$1,$B63)),"×","○") -> × | D63: =IF(ISERROR(FIND(D$1,$B63)),"×","○") -> ○ | E63: =IF(ISERROR(FIND(E$1,$B63)),"×","○") -> × | F63: =IF(ISERROR(FIND(F$1,$B63)),"×","○") -> × | G63: 過ごしていない | J63: （回答者様以外の）家族、親類等と過ごした | K63: 取得していない | L63: 取得しにくかった | M63: =IF(ISERROR(SEARCH(M$1,$L63)),"","○") | N63: =IF(ISERROR(SEARCH(N$1,$L63)),"","○") | O63: =IF(ISERROR(SEARCH(O$1,$L63)),"","○") | P63: =IF(ISERROR(SEARCH(P$1,$L63)),"","○") | Q63: =IF(ISERROR(SEARCH(Q$1,$L63)),"","○") -> ○ | R63: =IF(ISERROR(SEARCH(R$1,$L63)),"","○") | S63: 取得するつもりはありましたが、リモート研修が重なっていて研修を欠席してまで取得するのは難しかったです。 | T63: 体験等に取り組みたいが休暇が取得できるか分からない | U63: 11月の同じ時期 | V63: 公立学校勤務だが、年度初めには体験的休業日に研修が入っていたため、県や市の取り組みであるならば、足並みをできる限りは揃えて研修や会議をその日に設定しないでほしかった。 他の友達は旅行に行ったり親子で過ごすと聞くと、我が子の心中を思って申し訳なかった。
A64: 45625.861 | B64: 中学校２年生 | C64: =IF(ISERROR(FIND(C$1,$B64)),"×","○") -> × | D64: =IF(ISERROR(FIND(D$1,$B64)),"×","○") -> × | E64: =IF(ISERROR(FIND(E$1,$B64)),"×","○") -> ○ | F64: =IF(ISERROR(FIND(F$1,$B64)),"×","○") -> × | G64: 過ごしていない | J64: 子どもだけで過ごした | K64: 取得していない | L64: 職場で推奨されたが取得しなかった, 取得するつもりはなかった | M64: =IF(ISERROR(SEARCH(M$1,$L64)),"","○") -> ○ | N64: =IF(ISERROR(SEARCH(N$1,$L64)),"","○") | O64: =IF(ISERROR(SEARCH(O$1,$L64)),"","○") | P64: =IF(ISERROR(SEARCH(P$1,$L64)),"","○") -> ○ | Q64: =IF(ISERROR(SEARCH(Q$1,$L64)),"","○") | R64: =IF(ISERROR(SEARCH(R$1,$L64)),"","○") | S64: 世間に浸透していないというか、倉吉市だけ？されても、職場は他県の方もおられるし、他県にはそのような子供たちの休暇はなく、もっと全国的に徹底されていて、各会社で対応していれば、気兼ねなく休めるのではないかなと思いました。 年に5日は有給消化しないといけないのでそこにあてるとか会社の理解もないとなかなか休むことが難しい方もおられると思います。 | T64: 体験にとりくめるかはわからないけど、休めるのであれば、子供たちと一緒に過ごすのはいいなぁと思います。 | U64: 11月の同じ時期 | V64: 理解度をあげる取り組みに力をいれてもらえたらいいかなと思います。 でも子持ちの方々が一斉に休暇をとるとなると会社が１日機能しないということも起こってくると思うのでそこらへんの問題の対策もしっかり整えて欲しいです。
A65: 45625.88 | B65: 小学校５年生 | C65: =IF(ISERROR(FIND(C$1,$B65)),"×","○") -> × | D65: =IF(ISERROR(FIND(D$1,$B65)),"×","○") -> ○ | E65: =IF(ISERROR(FIND(E$1,$B65)),"×","○") -> × | F65: =IF(ISERROR(FIND(F$1,$B65)),"×","○") -> × | G65: 過ごした | H65: 倉吉市外へ出かけた | I65: 県外に旅行に出掛けた | K65: 取得した | M65: =IF(ISERROR(SEARCH(M$1,$L65)),"","○") | N65: =IF(ISERROR(SEARCH(N$1,$L65)),"","○") | O65: =IF(ISERROR(SEARCH(O$1,$L65)),"","○") | P65: =IF(ISERROR(SEARCH(P$1,$L65)),"","○") | Q65: =IF(ISERROR(SEARCH(Q$1,$L65)),"","○") | R65: =IF(ISERROR(SEARCH(R$1,$L65)),"","○") | T65: 体験等に取り組みたいが休暇が取得できるか分からない | U65: 11月の同じ時期 | V65: 休暇が取得し難い職種や職場もあるため実施については慎重に検討するべきだと思う。
A66: 45625.881 | B66: 小学校６年生 | C66: =IF(ISERROR(FIND(C$1,$B66)),"×","○") -> × | D66: =IF(ISERROR(FIND(D$1,$B66)),"×","○") -> ○ | E66: =IF(ISERROR(FIND(E$1,$B66)),"×","○") -> × | F66: =IF(ISERROR(FIND(F$1,$B66)),"×","○") -> × | G66: 過ごした | H66: 倉吉市外へ出かけた | I66: 食事と温泉 | K66: 取得した | M66: =IF(ISERROR(SEARCH(M$1,$L66)),"","○") | N66: =IF(ISERROR(SEARCH(N$1,$L66)),"","○") | O66: =IF(ISERROR(SEARCH(O$1,$L66)),"","○") | P66: =IF(ISERROR(SEARCH(P$1,$L66)),"","○") | Q66: =IF(ISERROR(SEARCH(Q$1,$L66)),"","○") | R66: =IF(ISERROR(SEARCH(R$1,$L66)),"","○") | T66: 家庭でふれあいや体験活動等に取り組みたい | U66: 11月の同じ時期
A67: 45625.882 | B67: 小学校１年生 | C67: =IF(ISERROR(FIND(C$1,$B67)),"×","○") -> × | D67: =IF(ISERROR(FIND(D$1,$B67)),"×","○") -> ○ | E67: =IF(ISERROR(FIND(E$1,$B67)),"×","○") -> × | F67: =IF(ISERROR(FIND(F$1,$B67)),"×","○") -> × | G67: 過ごしていない | J67: 子どもだけで過ごした | K67: 取得していない | L67: 業務多忙で取得できなかった | M67: =IF(ISERROR(SEARCH(M$1,$L67)),"","○") | N67: =IF(ISERROR(SEARCH(N$1,$L67)),"","○") -> ○ | O67: =IF(ISERROR(SEARCH(O$1,$L67)),"","○") | P67: =IF(ISERROR(SEARCH(P$1,$L67)),"","○") | Q67: =IF(ISERROR(SEARCH(Q$1,$L67)),"","○") | R67: =IF(ISERROR(SEARCH(R$1,$L67)),"","○") | T67: 体験等に取り組みたいが休暇が取得できるか分からない | U67: 11月の同じ時期
A68: 45625.891 | B68: 小学校３年生, 小学校６年生, 中学校２年生 | C68: =IF(ISERROR(FIND(C$1,$B68)),"×","○") -> × | D68: =IF(ISERROR(FIND(D$1,$B68)),"×","○") -> ○ | E68: =IF(ISERROR(FIND(E$1,$B68)),"×","○") -> ○ | F68: =IF(ISERROR(FIND(F$1,$B68)),"×","○") -> × | G68: 過ごした | H68: 家庭で過ごした | I68: 家でゆっくりすごす、ティータイムの充実 | K68: 取得した | M68: =IF(ISERROR(SEARCH(M$1,$L68)),"","○") | N68: =IF(ISERROR(SEARCH(N$1,$L68)),"","○") | O68: =IF(ISERROR(SEARCH(O$1,$L68)),"","○") | P68: =IF(ISERROR(SEARCH(P$1,$L68)),"","○") | Q68: =IF(ISERROR(SEARCH(Q$1,$L68)),"","○") | R68: =IF(ISERROR(SEARCH(R$1,$L68)),"","○") | T68: 体験等に取り組みたいが休暇が取得できるか分からない | U68: 11月の同じ時期
A69: 45625.891 | B69: 小学校１年生 | C69: =IF(ISERROR(FIND(C$1,$B69)),"×","○") -> × | D69: =IF(ISERROR(FIND(D$1,$B69)),"×","○") -> ○ | E69: =IF(ISERROR(FIND(E$1,$B69)),"×","○") -> × | F69: =IF(ISERROR(FIND(F$1,$B69)),"×","○") -> × | G69: 過ごした | H69: 倉吉市内へ出かけた | I69: カラオケに行きました。外食しました。 | K69: 取得した | M69: =IF(ISERROR(SEARCH(M$1,$L69)),"","○") | N69: =IF(ISERROR(SEARCH(N$1,$L69)),"","○") | O69: =IF(ISERROR(SEARCH(O$1,$L69)),"","○") | P69: =IF(ISERROR(SEARCH(P$1,$L69)),"","○") | Q69: =IF(ISERROR(SEARCH(Q$1,$L69)),"","○") | R69: =IF(ISERROR(SEARCH(R$1,$L69)),"","○") | T69: イベント等で体験活動に参加したい | U69: 11月の同じ時期 | V69: イベントもっと企画して欲しい
A70: 45625.898 | B70: 小学校１年生 | C70: =IF(ISERROR(FIND(C$1,$B70)),"×","○") -> × | D70: =IF(ISERROR(FIND(D$1,$B70)),"×","○") -> ○ | E70: =IF(ISERROR(FIND(E$1,$B70)),"×","○") -> × | F70: =IF(ISERROR(FIND(F$1,$B70)),"×","○") -> × | G70: 過ごした | H70: その他 | I70: 池田動物園に行きました。 | K70: 取得した | M70: =IF(ISERROR(SEARCH(M$1,$L70)),"","○") | N70: =IF(ISERROR(SEARCH(N$1,$L70)),"","○") | O70: =IF(ISERROR(SEARCH(O$1,$L70)),"","○") | P70: =IF(ISERROR(SEARCH(P$1,$L70)),"","○") | Q70: =IF(ISERROR(SEARCH(Q$1,$L70)),"","○") | R70: =IF(ISERROR(SEARCH(R$1,$L70)),"","○") | T70: 体験等に取り組みたいが休暇が取得できるか分からない | U70: 11月の同じ時期
A71: 45625.905 | B71: 小学校１年生 | C71: =IF(ISERROR(FIND(C$1,$B71)),"×","○") -> × | D71: =IF(ISERROR(FIND(D$1,$B71)),"×","○") -> ○ | E71: =IF(ISERROR(FIND(E$1,$B71)),"×","○") -> × | F71: =IF(ISERROR(FIND(F$1,$B71)),"×","○") -> × | G71: 過ごしていない | J71: 放課後児童クラブ等を利用した | K71: 取得していない | L71: 業務多忙で取得できなかった | M71: =IF(ISERROR(SEARCH(M$1,$L71)),"","○") | N71: =IF(ISERROR(SEARCH(N$1,$L71)),"","○") -> ○ | O71: =IF(ISERROR(SEARCH(O$1,$L71)),"","○") | P71: =IF(ISERROR(SEARCH(P$1,$L71)),"","○") | Q71: =IF(ISERROR(SEARCH(Q$1,$L71)),"","○") | R71: =IF(ISERROR(SEARCH(R$1,$L71)),"","○") | S71: 倉吉市のみの試みで企業側はふれあいホリデーを知らないので休日の申請をしにくかったのと有給休暇が少ないので特別休暇等がないと休みを取りにくいです。また、企業側への働きかけをして、ふれあいホリデーの認知度をある程度を高めてから実施していただくと休暇を取りやすくなると思います。 | T71: 家庭でふれあいや体験活動等に取り組みたい | U71: 11月の同じ時期
A72: 45625.911 | B72: 中学校２年生 | C72: =IF(ISERROR(FIND(C$1,$B72)),"×","○") -> × | D72: =IF(ISERROR(FIND(D$1,$B72)),"×","○") -> × | E72: =IF(ISERROR(FIND(E$1,$B72)),"×","○") -> ○ | F72: =IF(ISERROR(FIND(F$1,$B72)),"×","○") -> × | G72: 過ごした | H72: 倉吉市外へ出かけた | I72: 買い物 | K72: 取得した | M72: =IF(ISERROR(SEARCH(M$1,$L72)),"","○") | N72: =IF(ISERROR(SEARCH(N$1,$L72)),"","○") | O72: =IF(ISERROR(SEARCH(O$1,$L72)),"","○") | P72: =IF(ISERROR(SEARCH(P$1,$L72)),"","○") | Q72: =IF(ISERROR(SEARCH(Q$1,$L72)),"","○") | R72: =IF(ISERROR(SEARCH(R$1,$L72)),"","○") | T72: 体験等に取り組みたいが休暇が取得できるか分からない | U72: 11月の同じ時期
A73: 45625.924 | B73: 中学校１年生 | C73: =IF(ISERROR(FIND(C$1,$B73)),"×","○") -> × | D73: =IF(ISERROR(FIND(D$1,$B73)),"×","○") -> × | E73: =IF(ISERROR(FIND(E$1,$B73)),"×","○") -> ○ | F73: =IF(ISERROR(FIND(F$1,$B73)),"×","○") -> × | G73: 過ごした | H73: 家庭で過ごした | I73: ただ一緒に家にいた。 | K73: 取得した | M73: =IF(ISERROR(SEARCH(M$1,$L73)),"","○") | N73: =IF(ISERROR(SEARCH(N$1,$L73)),"","○") | O73: =IF(ISERROR(SEARCH(O$1,$L73)),"","○") | P73: =IF(ISERROR(SEARCH(P$1,$L73)),"","○") | Q73: =IF(ISERROR(SEARCH(Q$1,$L73)),"","○") | R73: =IF(ISERROR(SEARCH(R$1,$L73)),"","○") | T73: 体験等に取り組みたいが休暇が取得できるか分からない | U73: 11月の同じ時期
A74: 45625.946 | B74: 中学校１年生 | C74: =IF(ISERROR(FIND(C$1,$B74)),"×","○") -> × | D74: =IF(ISERROR(FIND(D$1,$B74)),"×","○") -> × | E74: =IF(ISERROR(FIND(E$1,$B74)),"×","○") -> ○ | F74: =IF(ISERROR(FIND(F$1,$B74)),"×","○") -> × | G74: 過ごした | H74: 家庭で過ごした | I74: 何もせずただ家にいた | K74: 取得していない | L74: 勤務日ではなかった | M74: =IF(ISERROR(SEARCH(M$1,$L74)),"","○") | N74: =IF(ISERROR(SEARCH(N$1,$L74)),"","○") | O74: =IF(ISERROR(SEARCH(O$1,$L74)),"","○") | P74: =IF(ISERROR(SEARCH(P$1,$L74)),"","○") | Q74: =IF(ISERROR(SEARCH(Q$1,$L74)),"","○") | R74: =IF(ISERROR(SEARCH(R$1,$L74)),"","○") -> ○ | T74: 体験等に取り組むつもりはない | U74: 11月の同じ時期 | V74: 特に必要ないと思う
A75: 45625.973 | B75: 未就学児, 小学校１年生 | C75: =IF(ISERROR(FIND(C$1,$B75)),"×","○") -> ○ | D75: =IF(ISERROR(FIND(D$1,$B75)),"×","○") -> ○ | E75: =IF(ISERROR(FIND(E$1,$B75)),"×","○") -> × | F75: =IF(ISERROR(FIND(F$1,$B75)),"×","○") -> × | G75: 過ごした | H75: 家庭で過ごした | I75: レゴで遊んだ | K75: 取得していない | L75: 業務多忙で取得できなかった, 取得しにくかった | M75: =IF(ISERROR(SEARCH(M$1,$L75)),"","○") | N75: =IF(ISERROR(SEARCH(N$1,$L75)),"","○") -> ○ | O75: =IF(ISERROR(SEARCH(O$1,$L75)),"","○") | P75: =IF(ISERROR(SEARCH(P$1,$L75)),"","○") | Q75: =IF(ISERROR(SEARCH(Q$1,$L75)),"","○") -> ○ | R75: =IF(ISERROR(SEARCH(R$1,$L75)),"","○") | S75: その日に仕事を休むと別の休日が出勤日になるから | T75: 体験等に取り組みたいが休暇が取得できるか分からない | U75: 11月の同じ時期 | V75: 子供だけ休日になると育児がとても困るので、親もも仕事を休める休日にしてほしい。
A76: 45625.973 | B76: 小学校６年生 | C76: =IF(ISERROR(FIND(C$1,$B76)),"×","○") -> × | D76: =IF(ISERROR(FIND(D$1,$B76)),"×","○") -> ○ | E76: =IF(ISERROR(FIND(E$1,$B76)),"×","○") -> × | F76: =IF(ISERROR(FIND(F$1,$B76)),"×","○") -> × | G76: 過ごしていない | J76: 子どもだけで過ごした | K76: 取得していない | L76: 職場で推奨されたが取得しなかった | M76: =IF(ISERROR(SEARCH(M$1,$L76)),"","○") -> ○ | N76: =IF(ISERROR(SEARCH(N$1,$L76)),"","○") | O76: =IF(ISERROR(SEARCH(O$1,$L76)),"","○") | P76: =IF(ISERROR(SEARCH(P$1,$L76)),"","○") | Q76: =IF(ISERROR(SEARCH(Q$1,$L76)),"","○") | R76: =IF(ISERROR(SEARCH(R$1,$L76)),"","○") | T76: 家族で出かけたい | U76: 11月の同じ時期
A77: 45625.979 | B77: 中学校２年生 | C77: =IF(ISERROR(FIND(C$1,$B77)),"×","○") -> × | D77: =IF(ISERROR(FIND(D$1,$B77)),"×","○") -> × | E77: =IF(ISERROR(FIND(E$1,$B77)),"×","○") -> ○ | F77: =IF(ISERROR(FIND(F$1,$B77)),"×","○") -> × | G77: 過ごした | H77: 家庭で過ごした | I77: 風邪をひいてしまったので、ゆっくり過ごしました | K77: 取得した | M77: =IF(ISERROR(SEARCH(M$1,$L77)),"","○") | N77: =IF(ISERROR(SEARCH(N$1,$L77)),"","○") | O77: =IF(ISERROR(SEARCH(O$1,$L77)),"","○") | P77: =IF(ISERROR(SEARCH(P$1,$L77)),"","○") | Q77: =IF(ISERROR(SEARCH(Q$1,$L77)),"","○") | R77: =IF(ISERROR(SEARCH(R$1,$L77)),"","○") | T77: イベント等で体験活動に参加したい | U77: 11月の同じ時期 | V77: 年に2回実施してほしい
A78: 45626.007 | B78: 未就学児, 小学校３年生, 中学校２年生 | C78: =IF(ISERROR(FIND(C$1,$B78)),"×","○") -> ○ | D78: =IF(ISERROR(FIND(D$1,$B78)),"×","○") -> ○ | E78: =IF(ISERROR(FIND(E$1,$B78)),"×","○") -> ○ | F78: =IF(ISERROR(FIND(F$1,$B78)),"×","○") -> × | G78: 過ごしていない | J78: 放課後児童クラブ等を利用した | K78: 取得していない | L78: 取得しにくかった | M78: =IF(ISERROR(SEARCH(M$1,$L78)),"","○") | N78: =IF(ISERROR(SEARCH(N$1,$L78)),"","○") | O78: =IF(ISERROR(SEARCH(O$1,$L78)),"","○") | P78: =IF(ISERROR(SEARCH(P$1,$L78)),"","○") | Q78: =IF(ISERROR(SEARCH(Q$1,$L78)),"","○") -> ○ | R78: =IF(ISERROR(SEARCH(R$1,$L78)),"","○") | S78: 学童クラブに勤務していたら取得は難しい | T78: 体験等に取り組みたいが休暇が取得できるか分からない | U78: 11月の同じ時期
A79: 45626.305 | B79: 未就学児, 小学校３年生, 小学校５年生 | C79: =IF(ISERROR(FIND(C$1,$B79)),"×","○") -> ○ | D79: =IF(ISERROR(FIND(D$1,$B79)),"×","○") -> ○ | E79: =IF(ISERROR(FIND(E$1,$B79)),"×","○") -> × | F79: =IF(ISERROR(FIND(F$1,$B79)),"×","○") -> × | G79: 過ごした | H79: 倉吉市外へ出かけた | I79: 神戸へ一泊二日の旅行に行った | K79: 取得した | M79: =IF(ISERROR(SEARCH(M$1,$L79)),"","○") | N79: =IF(ISERROR(SEARCH(N$1,$L79)),"","○") | O79: =IF(ISERROR(SEARCH(O$1,$L79)),"","○") | P79: =IF(ISERROR(SEARCH(P$1,$L79)),"","○") | Q79: =IF(ISERROR(SEARCH(Q$1,$L79)),"","○") | R79: =IF(ISERROR(SEARCH(R$1,$L79)),"","○") | T79: 家庭でふれあいや体験活動等に取り組みたい | U79: 11月の同じ時期 | V79: 平日休みは出かけやすいのでうちはありがたい。
A80: 45626.333 | B80: 中学校２年生, 中学校卒業後 | C80: =IF(ISERROR(FIND(C$1,$B80)),"×","○") -> × | D80: =IF(ISERROR(FIND(D$1,$B80)),"×","○") -> × | E80: =IF(ISERROR(FIND(E$1,$B80)),"×","○") -> ○ | F80: =IF(ISERROR(FIND(F$1,$B80)),"×","○") -> ○ | G80: 過ごした | H80: 倉吉市外へ出かけた | I80: 買い物をした | K80: 取得していない | L80: 自営業だから | M80: =IF(ISERROR(SEARCH(M$1,$L80)),"","○") | N80: =IF(ISERROR(SEARCH(N$1,$L80)),"","○") | O80: =IF(ISERROR(SEARCH(O$1,$L80)),"","○") -> ○ | P80: =IF(ISERROR(SEARCH(P$1,$L80)),"","○") | Q80: =IF(ISERROR(SEARCH(Q$1,$L80)),"","○") | R80: =IF(ISERROR(SEARCH(R$1,$L80)),"","○") | T80: 家庭でふれあいや体験活動等に取り組みたい | U80: 11月の同じ時期
A81: 45626.336 | B81: 中学校２年生, 中学校卒業後 | C81: =IF(ISERROR(FIND(C$1,$B81)),"×","○") -> × | D81: =IF(ISERROR(FIND(D$1,$B81)),"×","○") -> × | E81: =IF(ISERROR(FIND(E$1,$B81)),"×","○") -> ○ | F81: =IF(ISERROR(FIND(F$1,$B81)),"×","○") -> ○ | G81: 過ごした | H81: 倉吉市外へ出かけた | I81: 外食 | K81: 取得した | M81: =IF(ISERROR(SEARCH(M$1,$L81)),"","○") | N81: =IF(ISERROR(SEARCH(N$1,$L81)),"","○") | O81: =IF(ISERROR(SEARCH(O$1,$L81)),"","○") | P81: =IF(ISERROR(SEARCH(P$1,$L81)),"","○") | Q81: =IF(ISERROR(SEARCH(Q$1,$L81)),"","○") | R81: =IF(ISERROR(SEARCH(R$1,$L81)),"","○") | T81: 家庭でふれあいや体験活動等に取り組みたい | U81: 11月の同じ時期
A82: 45626.337 | B82: 中学校１年生 | C82: =IF(ISERROR(FIND(C$1,$B82)),"×","○") -> × | D82: =IF(ISERROR(FIND(D$1,$B82)),"×","○") -> × | E82: =IF(ISERROR(FIND(E$1,$B82)),"×","○") -> ○ | F82: =IF(ISERROR(FIND(F$1,$B82)),"×","○") -> × | G82: 過ごしていない | J82: （回答者様以外の）家族、親類等と過ごした | K82: 取得していない | L82: 取得するつもりはなかった | M82: =IF(ISERROR(SEARCH(M$1,$L82)),"","○") | N82: =IF(ISERROR(SEARCH(N$1,$L82)),"","○") | O82: =IF(ISERROR(SEARCH(O$1,$L82)),"","○") | P82: =IF(ISERROR(SEARCH(P$1,$L82)),"","○") -> ○ | Q82: =IF(ISERROR(SEARCH(Q$1,$L82)),"","○") | R82: =IF(ISERROR(SEARCH(R$1,$L82)),"","○") | S82: 出張だったため | T82: 家庭でふれあいや体験活動等に取り組みたい | U82: 11月の同じ時期
A83: 45626.338 | B83: 中学校１年生 | C83: =IF(ISERROR(FIND(C$1,$B83)),"×","○") -> × | D83: =IF(ISERROR(FIND(D$1,$B83)),"×","○") -> × | E83: =IF(ISERROR(FIND(E$1,$B83)),"×","○") -> ○ | F83: =IF(ISERROR(FIND(F$1,$B83)),"×","○") -> × | G83: 過ごしていない | J83: 友達と過ごした | K83: 取得していない | L83: 業務多忙で取得できなかった | M83: =IF(ISERROR(SEARCH(M$1,$L83)),"","○") | N83: =IF(ISERROR(SEARCH(N$1,$L83)),"","○") -> ○ | O83: =IF(ISERROR(SEARCH(O$1,$L83)),"","○") | P83: =IF(ISERROR(SEARCH(P$1,$L83)),"","○") | Q83: =IF(ISERROR(SEARCH(Q$1,$L83)),"","○") | R83: =IF(ISERROR(SEARCH(R$1,$L83)),"","○") | T83: 体験等に取り組みたいが休暇が取得できるか分からない | U83: 11月の同じ時期
A84: 45626.343 | B84: 中学校１年生 | C84: =IF(ISERROR(FIND(C$1,$B84)),"×","○") -> × | D84: =IF(ISERROR(FIND(D$1,$B84)),"×","○") -> × | E84: =IF(ISERROR(FIND(E$1,$B84)),"×","○") -> ○ | F84: =IF(ISERROR(FIND(F$1,$B84)),"×","○") -> × | G84: 過ごしていない | J84: 子どもだけで過ごした | K84: 取得していない | L84: 取得するつもりはなかった | M84: =IF(ISERROR(SEARCH(M$1,$L84)),"","○") | N84: =IF(ISERROR(SEARCH(N$1,$L84)),"","○") | O84: =IF(ISERROR(SEARCH(O$1,$L84)),"","○") | P84: =IF(ISERROR(SEARCH(P$1,$L84)),"","○") -> ○ | Q84: =IF(ISERROR(SEARCH(Q$1,$L84)),"","○") | R84: =IF(ISERROR(SEARCH(R$1,$L84)),"","○") | S84: 子どもがいる家庭がみんな休みを取得したら、業務がまわらないし、私立に通う子は休みではないから | T84: 体験等に取り組むつもりはない | U84: 11月の同じ時期
A85: 45626.347 | B85: 中学校２年生 | C85: =IF(ISERROR(FIND(C$1,$B85)),"×","○") -> × | D85: =IF(ISERROR(FIND(D$1,$B85)),"×","○") -> × | E85: =IF(ISERROR(FIND(E$1,$B85)),"×","○") -> ○ | F85: =IF(ISERROR(FIND(F$1,$B85)),"×","○") -> × | G85: 過ごしていない | J85: 子どもだけで過ごした | K85: 取得していない | L85: 取得しにくかった | M85: =IF(ISERROR(SEARCH(M$1,$L85)),"","○") | N85: =IF(ISERROR(SEARCH(N$1,$L85)),"","○") | O85: =IF(ISERROR(SEARCH(O$1,$L85)),"","○") | P85: =IF(ISERROR(SEARCH(P$1,$L85)),"","○") | Q85: =IF(ISERROR(SEARCH(Q$1,$L85)),"","○") -> ○ | R85: =IF(ISERROR(SEARCH(R$1,$L85)),"","○") | T85: 体験等に取り組みたいが休暇が取得できるか分からない | U85: 11月の同じ時期
A86: 45626.347 | B86: 小学校６年生, 中学校２年生 | C86: =IF(ISERROR(FIND(C$1,$B86)),"×","○") -> × | D86: =IF(ISERROR(FIND(D$1,$B86)),"×","○") -> ○ | E86: =IF(ISERROR(FIND(E$1,$B86)),"×","○") -> ○ | F86: =IF(ISERROR(FIND(F$1,$B86)),"×","○") -> × | G86: 過ごした | H86: 倉吉市内へ出かけた | I86: 友達も一緒にお昼ごはんを食べて、パータンに遊びに行った。 | K86: 取得した | M86: =IF(ISERROR(SEARCH(M$1,$L86)),"","○") | N86: =IF(ISERROR(SEARCH(N$1,$L86)),"","○") | O86: =IF(ISERROR(SEARCH(O$1,$L86)),"","○") | P86: =IF(ISERROR(SEARCH(P$1,$L86)),"","○") | Q86: =IF(ISERROR(SEARCH(Q$1,$L86)),"","○") | R86: =IF(ISERROR(SEARCH(R$1,$L86)),"","○") | T86: 家庭でふれあいや体験活動等に取り組みたい | U86: 11月の同じ時期 | V86: 今回は学校が休みなのが数日前に分かったので、半日休みがとることができました。もう少し早く気がついていれば、他に計画を立てれたかなと思いました。早めにマチコミなどで知らせてもらえたら助かります。
A87: 45626.355 | B87: 中学校３年生 | C87: =IF(ISERROR(FIND(C$1,$B87)),"×","○") -> × | D87: =IF(ISERROR(FIND(D$1,$B87)),"×","○") -> × | E87: =IF(ISERROR(FIND(E$1,$B87)),"×","○") -> ○ | F87: =IF(ISERROR(FIND(F$1,$B87)),"×","○") -> × | G87: 過ごした | H87: その他 | I87: 市外の病院への通院 | K87: 取得した | M87: =IF(ISERROR(SEARCH(M$1,$L87)),"","○") | N87: =IF(ISERROR(SEARCH(N$1,$L87)),"","○") | O87: =IF(ISERROR(SEARCH(O$1,$L87)),"","○") | P87: =IF(ISERROR(SEARCH(P$1,$L87)),"","○") | Q87: =IF(ISERROR(SEARCH(Q$1,$L87)),"","○") | R87: =IF(ISERROR(SEARCH(R$1,$L87)),"","○") | T87: 親子でゆっくり過ごしたい | U87: 11月の同じ時期
A88: 45626.355 | B88: 中学校２年生 | C88: =IF(ISERROR(FIND(C$1,$B88)),"×","○") -> × | D88: =IF(ISERROR(FIND(D$1,$B88)),"×","○") -> × | E88: =IF(ISERROR(FIND(E$1,$B88)),"×","○") -> ○ | F88: =IF(ISERROR(FIND(F$1,$B88)),"×","○") -> × | G88: 過ごしていない | J88: 友達と過ごした | K88: 取得した | M88: =IF(ISERROR(SEARCH(M$1,$L88)),"","○") | N88: =IF(ISERROR(SEARCH(N$1,$L88)),"","○") | O88: =IF(ISERROR(SEARCH(O$1,$L88)),"","○") | P88: =IF(ISERROR(SEARCH(P$1,$L88)),"","○") | Q88: =IF(ISERROR(SEARCH(Q$1,$L88)),"","○") | R88: =IF(ISERROR(SEARCH(R$1,$L88)),"","○") | T88: ふれあいホリデーというものを理解していなかった。またなぜ休みになっていたのか理解していなかった。 | U88: 11月の同じ時期
A89: 45626.358 | B89: 中学校３年生 | C89: =IF(ISERROR(FIND(C$1,$B89)),"×","○") -> × | D89: =IF(ISERROR(FIND(D$1,$B89)),"×","○") -> × | E89: =IF(ISERROR(FIND(E$1,$B89)),"×","○") -> ○ | F89: =IF(ISERROR(FIND(F$1,$B89)),"×","○") -> × | G89: 過ごした | H89: その他 | I89: 自宅でゆっくり過ごしながら、午後から温泉に行き一日を有意義に過ごせました。 | K89: 取得した | M89: =IF(ISERROR(SEARCH(M$1,$L89)),"","○") | N89: =IF(ISERROR(SEARCH(N$1,$L89)),"","○") | O89: =IF(ISERROR(SEARCH(O$1,$L89)),"","○") | P89: =IF(ISERROR(SEARCH(P$1,$L89)),"","○") | Q89: =IF(ISERROR(SEARCH(Q$1,$L89)),"","○") | R89: =IF(ISERROR(SEARCH(R$1,$L89)),"","○") | T89: 体験等に取り組みたいが休暇が取得できるか分からない | U89: 11月の同じ時期
A90: 45626.358 | B90: 未就学児, 小学校１年生 | C90: =IF(ISERROR(FIND(C$1,$B90)),"×","○") -> ○ | D90: =IF(ISERROR(FIND(D$1,$B90)),"×","○") -> ○ | E90: =IF(ISERROR(FIND(E$1,$B90)),"×","○") -> × | F90: =IF(ISERROR(FIND(F$1,$B90)),"×","○") -> × | G90: 過ごした | H90: 倉吉市外へ出かけた | I90: 公園であそんだ | K90: 取得した | M90: =IF(ISERROR(SEARCH(M$1,$L90)),"","○") | N90: =IF(ISERROR(SEARCH(N$1,$L90)),"","○") | O90: =IF(ISERROR(SEARCH(O$1,$L90)),"","○") | P90: =IF(ISERROR(SEARCH(P$1,$L90)),"","○") | Q90: =IF(ISERROR(SEARCH(Q$1,$L90)),"","○") | R90: =IF(ISERROR(SEARCH(R$1,$L90)),"","○") | T90: イベント等で体験活動に参加したい | U90: 11月の同じ時期
A91: 45626.369 | B91: 中学校２年生 | C91: =IF(ISERROR(FIND(C$1,$B91)),"×","○") -> × | D91: =IF(ISERROR(FIND(D$1,$B91)),"×","○") -> × | E91: =IF(ISERROR(FIND(E$1,$B91)),"×","○") -> ○ | F91: =IF(ISERROR(FIND(F$1,$B91)),"×","○") -> × | G91: 過ごした | H91: イベント等に参加した | I91: 関金図書館の謎解きイベント | K91: 取得していない | L91: 半日勤務だった | M91: =IF(ISERROR(SEARCH(M$1,$L91)),"","○") | N91: =IF(ISERROR(SEARCH(N$1,$L91)),"","○") | O91: =IF(ISERROR(SEARCH(O$1,$L91)),"","○") | P91: =IF(ISERROR(SEARCH(P$1,$L91)),"","○") | Q91: =IF(ISERROR(SEARCH(Q$1,$L91)),"","○") | R91: =IF(ISERROR(SEARCH(R$1,$L91)),"","○") | T91: 家庭でふれあいや体験活動等に取り組みたい | U91: 11月の同じ時期
A92: 45626.377 | B92: 小学校６年生, 中学校２年生 | C92: =IF(ISERROR(FIND(C$1,$B92)),"×","○") -> × | D92: =IF(ISERROR(FIND(D$1,$B92)),"×","○") -> ○ | E92: =IF(ISERROR(FIND(E$1,$B92)),"×","○") -> ○ | F92: =IF(ISERROR(FIND(F$1,$B92)),"×","○") -> × | G92: 過ごしていない | J92: （回答者様以外の）家族、親類等と過ごした | K92: 取得していない | L92: 業務多忙で取得できなかった, 取得しにくかった | M92: =IF(ISERROR(SEARCH(M$1,$L92)),"","○") | N92: =IF(ISERROR(SEARCH(N$1,$L92)),"","○") -> ○ | O92: =IF(ISERROR(SEARCH(O$1,$L92)),"","○") | P92: =IF(ISERROR(SEARCH(P$1,$L92)),"","○") | Q92: =IF(ISERROR(SEARCH(Q$1,$L92)),"","○") -> ○ | R92: =IF(ISERROR(SEARCH(R$1,$L92)),"","○") | T92: 体験等に取り組みたいが休暇が取得できるか分からない | U92: 11月の同じ時期 | V92: 交替勤務では、1カ月の勤務が決まってしまうため2カ月前くらいに分かれば休みをとりやすいです。
A93: 45626.379 | B93: 中学校３年生 | C93: =IF(ISERROR(FIND(C$1,$B93)),"×","○") -> × | D93: =IF(ISERROR(FIND(D$1,$B93)),"×","○") -> × | E93: =IF(ISERROR(FIND(E$1,$B93)),"×","○") -> ○ | F93: =IF(ISERROR(FIND(F$1,$B93)),"×","○") -> × | G93: 過ごした | H93: 家庭で過ごした | I93: 一緒にお昼ご飯を食べた。期末試験前だったので、勉強をみてやった | K93: 取得した | M93: =IF(ISERROR(SEARCH(M$1,$L93)),"","○") | N93: =IF(ISERROR(SEARCH(N$1,$L93)),"","○") | O93: =IF(ISERROR(SEARCH(O$1,$L93)),"","○") | P93: =IF(ISERROR(SEARCH(P$1,$L93)),"","○") | Q93: =IF(ISERROR(SEARCH(Q$1,$L93)),"","○") | R93: =IF(ISERROR(SEARCH(R$1,$L93)),"","○") | T93: 体験等に取り組みたいが休暇が取得できるか分からない | U93: 11月の同じ時期
A94: 45626.379 | B94: 小学校２年生 | C94: =IF(ISERROR(FIND(C$1,$B94)),"×","○") -> × | D94: =IF(ISERROR(FIND(D$1,$B94)),"×","○") -> ○ | E94: =IF(ISERROR(FIND(E$1,$B94)),"×","○") -> × | F94: =IF(ISERROR(FIND(F$1,$B94)),"×","○") -> × | G94: 過ごした | H94: 倉吉市外へ出かけた | I94: 城崎マリンワールドに行った。 | K94: 取得した | M94: =IF(ISERROR(SEARCH(M$1,$L94)),"","○") | N94: =IF(ISERROR(SEARCH(N$1,$L94)),"","○") | O94: =IF(ISERROR(SEARCH(O$1,$L94)),"","○") | P94: =IF(ISERROR(SEARCH(P$1,$L94)),"","○") | Q94: =IF(ISERROR(SEARCH(Q$1,$L94)),"","○") | R94: =IF(ISERROR(SEARCH(R$1,$L94)),"","○") | T94: 旅行に行く。 | U94: 11月の同じ時期 | V94: 暑い時期（7.8.9.10月）や寒すぎる時期はやめてほしい。出かけにくい。
A95: 45626.381 | B95: 小学校５年生, 中学校３年生, 中学校卒業後 | C95: =IF(ISERROR(FIND(C$1,$B95)),"×","○") -> × | D95: =IF(ISERROR(FIND(D$1,$B95)),"×","○") -> ○ | E95: =IF(ISERROR(FIND(E$1,$B95)),"×","○") -> ○ | F95: =IF(ISERROR(FIND(F$1,$B95)),"×","○") -> ○ | G95: 過ごした | H95: 倉吉市外へ出かけた | I95: 家族全員で県外旅行をした | K95: 取得した | M95: =IF(ISERROR(SEARCH(M$1,$L95)),"","○") | N95: =IF(ISERROR(SEARCH(N$1,$L95)),"","○") | O95: =IF(ISERROR(SEARCH(O$1,$L95)),"","○") | P95: =IF(ISERROR(SEARCH(P$1,$L95)),"","○") | Q95: =IF(ISERROR(SEARCH(Q$1,$L95)),"","○") | R95: =IF(ISERROR(SEARCH(R$1,$L95)),"","○") | T95: 体験等に取り組みたいが休暇が取得できるか分からない | U95: 11月の同じ時期
A96: 45626.381 | B96: 中学校１年生 | C96: =IF(ISERROR(FIND(C$1,$B96)),"×","○") -> × | D96: =IF(ISERROR(FIND(D$1,$B96)),"×","○") -> × | E96: =IF(ISERROR(FIND(E$1,$B96)),"×","○") -> ○ | F96: =IF(ISERROR(FIND(F$1,$B96)),"×","○") -> × | G96: 過ごしていない | J96: 子どもだけで過ごした | K96: 取得していない | L96: 業務多忙で取得できなかった | M96: =IF(ISERROR(SEARCH(M$1,$L96)),"","○") | N96: =IF(ISERROR(SEARCH(N$1,$L96)),"","○") -> ○ | O96: =IF(ISERROR(SEARCH(O$1,$L96)),"","○") | P96: =IF(ISERROR(SEARCH(P$1,$L96)),"","○") | Q96: =IF(ISERROR(SEARCH(Q$1,$L96)),"","○") | R96: =IF(ISERROR(SEARCH(R$1,$L96)),"","○") | T96: 家庭でふれあいや体験活動等に取り組みたい | U96: 11月の同じ時期
A97: 45626.386 | B97: 中学校３年生 | C97: =IF(ISERROR(FIND(C$1,$B97)),"×","○") -> × | D97: =IF(ISERROR(FIND(D$1,$B97)),"×","○") -> × | E97: =IF(ISERROR(FIND(E$1,$B97)),"×","○") -> ○ | F97: =IF(ISERROR(FIND(F$1,$B97)),"×","○") -> × | G97: 過ごしていない | J97: 子どもだけで過ごした | K97: 取得していない | L97: 業務多忙で取得できなかった | M97: =IF(ISERROR(SEARCH(M$1,$L97)),"","○") | N97: =IF(ISERROR(SEARCH(N$1,$L97)),"","○") -> ○ | O97: =IF(ISERROR(SEARCH(O$1,$L97)),"","○") | P97: =IF(ISERROR(SEARCH(P$1,$L97)),"","○") | Q97: =IF(ISERROR(SEARCH(Q$1,$L97)),"","○") | R97: =IF(ISERROR(SEARCH(R$1,$L97)),"","○") | T97: 体験等に取り組みたいが休暇が取得できるか分からない | U97: 11月の同じ時期
A98: 45626.388 | B98: 小学校４年生, 中学校２年生 | C98: =IF(ISERROR(FIND(C$1,$B98)),"×","○") -> × | D98: =IF(ISERROR(FIND(D$1,$B98)),"×","○") -> ○ | E98: =IF(ISERROR(FIND(E$1,$B98)),"×","○") -> ○ | F98: =IF(ISERROR(FIND(F$1,$B98)),"×","○") -> × | G98: 過ごした | H98: 家庭で過ごした | I98: 家でゆっくり過ごした | K98: 取得した | M98: =IF(ISERROR(SEARCH(M$1,$L98)),"","○") | N98: =IF(ISERROR(SEARCH(N$1,$L98)),"","○") | O98: =IF(ISERROR(SEARCH(O$1,$L98)),"","○") | P98: =IF(ISERROR(SEARCH(P$1,$L98)),"","○") | Q98: =IF(ISERROR(SEARCH(Q$1,$L98)),"","○") | R98: =IF(ISERROR(SEARCH(R$1,$L98)),"","○") | T98: 家庭でふれあいや体験活動等に取り組みたい | U98: 11月の同じ時期
A99: 45626.389 | B99: 小学校６年生, 中学校３年生, 中学校卒業後 | C99: =IF(ISERROR(FIND(C$1,$B99)),"×","○") -> × | D99: =IF(ISERROR(FIND(D$1,$B99)),"×","○") -> ○ | E99: =IF(ISERROR(FIND(E$1,$B99)),"×","○") -> ○ | F99: =IF(ISERROR(FIND(F$1,$B99)),"×","○") -> ○ | G99: 過ごしていない | J99: （回答者様以外の）家族、親類等と過ごした | K99: 取得していない | L99: 業務多忙で取得できなかった, 取得しにくかった | M99: =IF(ISERROR(SEARCH(M$1,$L99)),"","○") | N99: =IF(ISERROR(SEARCH(N$1,$L99)),"","○") -> ○ | O99: =IF(ISERROR(SEARCH(O$1,$L99)),"","○") | P99: =IF(ISERROR(SEARCH(P$1,$L99)),"","○") | Q99: =IF(ISERROR(SEARCH(Q$1,$L99)),"","○") -> ○ | R99: =IF(ISERROR(SEARCH(R$1,$L99)),"","○") | T99: 体験等に取り組みたいが休暇が取得できるか分からない | U99: 11月の同じ時期
A100: 45626.394 | B100: 中学校３年生 | C100: =IF(ISERROR(FIND(C$1,$B100)),"×","○") -> × | D100: =IF(ISERROR(FIND(D$1,$B100)),"×","○") -> × | E100: =IF(ISERROR(FIND(E$1,$B100)),"×","○") -> ○ | F100: =IF(ISERROR(FIND(F$1,$B100)),"×","○") -> × | G100: 過ごした | H100: その他 | I100: 子どもが風邪をひいて体調を崩していたので、病院に行ったりしていた。元気だったら、仕事の休みをもらってどこかに行けたらと思っていた。 | K100: 取得した | M100: =IF(ISERROR(SEARCH(M$1,$L100)),"","○") | N100: =IF(ISERROR(SEARCH(N$1,$L100)),"","○") | O100: =IF(ISERROR(SEARCH(O$1,$L100)),"","○") | P100: =IF(ISERROR(SEARCH(P$1,$L100)),"","○") | Q100: =IF(ISERROR(SEARCH(Q$1,$L100)),"","○") | R100: =IF(ISERROR(SEARCH(R$1,$L100)),"","○") | T100: 高校生になるので今と状況が変わっていそうでわからない。 | U100: 11月の同じ時期 | V100: ふれあいホリデーを実施した目的などを把握していなかったので、ちゃんと知っておくべきだったと思った。
...

Sheet Sheet1
B1: 保護者
B2: 問２ 11月22日（ふれあいホリデー）はお子様と一緒に過ごされましたか。
C3: 過ごした | D3: 過ごしていない | E3: 合計
B4: 小学校にいて、中学校にはいない | C4: =COUNTIFS(Form_Responses1[小学校],"○",Form_Responses1[中学校],"×",Form_Responses1[問２ 11月22日（ふれあいホリデー）はお子様と一緒に過ごされましたか。],C$3) -> 323 | D4: =COUNTIFS(Form_Responses1[小学校],"○",Form_Responses1[中学校],"×",Form_Responses1[問２ 11月22日（ふれあいホリデー）はお子様と一緒に過ごされましたか。],D$3) -> 299 | E4: =SUM(C4:D4) -> 622
B5: 小学校にはいなくて、中学校にいる | C5: =COUNTIFS(Form_Responses1[小学校],"×",Form_Responses1[中学校],"○",Form_Responses1[問２ 11月22日（ふれあいホリデー）はお子様と一緒に過ごされましたか。],C$3) -> 96 | D5: =COUNTIFS(Form_Responses1[小学校],"×",Form_Responses1[中学校],"○",Form_Responses1[問２ 11月22日（ふれあいホリデー）はお子様と一緒に過ごされましたか。],D$3) -> 157 | E5: =SUM(C5:D5) -> 253
B6: 未就学児がいる | C6: =COUNTIFS(Form_Responses1[未就学],"○",Form_Responses1[問２ 11月22日（ふれあいホリデー）はお子様と一緒に過ごされましたか。],C$3) -> 67 | D6: =COUNTIFS(Form_Responses1[未就学],"○",Form_Responses1[問２ 11月22日（ふれあいホリデー）はお子様と一緒に過ごされましたか。],D$3) -> 44 | E6: =SUM(C6:D6) -> 111
B7: 卒業した子がいる | C7: =COUNTIFS(Form_Responses1[卒業],"○",Form_Responses1[問２ 11月22日（ふれあいホリデー）はお子様と一緒に過ごされましたか。],C$3) -> 27 | D7: =COUNTIFS(Form_Responses1[卒業],"○",Form_Responses1[問２ 11月22日（ふれあいホリデー）はお子様と一緒に過ごされましたか。],D$3) -> 33 | E7: =SUM(C7:D7) -> 60
B8: 全体 | C8: =SUM(C4:C7) -> 513 | D8: =SUM(D4:D7) -> 533 | E8: =SUM(C8:D8) -> 1046
B9: 小学校にいて、中学校にはいない | C9: =C4/$E4 -> 0.5192926 | D9: =D4/$E4 -> 0.4807074
B10: 小学校にはいなくて、中学校にいる | C10: =C5/$E5 -> 0.37944664 | D10: =D5/$E5 -> 0.62055336
B11: 未就学児がいる | C11: =C6/$E6 -> 0.6036036 | D11: =D6/$E6 -> 0.3963964
B12: 卒業した子がいる | C12: =C7/$E7 -> 0.45 | D12: =D7/$E7 -> 0.55
B13: 全体 | C13: =C8/$E8 -> 0.49043977 | D13: =D8/$E8 -> 0.50956023
B16: 問３−Ａ１ 主にどのように過ごされましたか。
C17: 家庭で過ごした | D17: イベント等に参加した | E17: 倉吉市内へ出かけた | F17: 倉吉市外へ出かけた | G17: その他 | H17: 合計
B18: 全体 | C18: =SUM(C19:C22) -> 142 | D18: =SUM(D19:D22) -> 55 | E18: =SUM(E19:E22) -> 83 | F18: =SUM(F19:F22) -> 215 | G18: =SUM(G19:G22) -> 18 | H18: =SUM(C18:G18) -> 513
B19: 小学校にいて、中学校にはいない | C19: =COUNTIFS(フォームの回答!$D$2:$D$1088,"○",フォームの回答!$E$2:$E$1088,"×",フォームの回答!$G$2:$G$1088,"過ごした",フォームの回答!$H$2:$H$1088,C$17) -> 74 | D19: =COUNTIFS(フォームの回答!$D$2:$D$1088,"○",フォームの回答!$E$2:$E$1088,"×",フォームの回答!$G$2:$G$1088,"過ごした",フォームの回答!$H$2:$H$1088,D$17) -> 35 | E19: =COUNTIFS(フォームの回答!$D$2:$D$1088,"○",フォームの回答!$E$2:$E$1088,"×",フォームの回答!$G$2:$G$1088,"過ごした",フォームの回答!$H$2:$H$1088,E$17) -> 59 | F19: =COUNTIFS(フォームの回答!$D$2:$D$1088,"○",フォームの回答!$E$2:$E$1088,"×",フォームの回答!$G$2:$G$1088,"過ごした",フォームの回答!$H$2:$H$1088,F$17) -> 147 | G19: =COUNTIFS(フォームの回答!$D$2:$D$1088,"○",フォームの回答!$E$2:$E$1088,"×",フォームの回答!$G$2:$G$1088,"過ごした",フォームの回答!$H$2:$H$1088,G$17) -> 8 | H19: =SUM(C19:G19) -> 323
B20: 小学校にはいなくて、中学校にいる | C20: =COUNTIFS(フォームの回答!$D$2:$D$1088,"×",フォームの回答!$E$2:$E$1088,"○",フォームの回答!$G$2:$G$1088,"過ごした",フォームの回答!$H$2:$H$1088,C$17) -> 39 | D20: =COUNTIFS(フォームの回答!$D$2:$D$1088,"×",フォームの回答!$E$2:$E$1088,"○",フォームの回答!$G$2:$G$1088,"過ごした",フォームの回答!$H$2:$H$1088,D$17) -> 10 | E20: =COUNTIFS(フォームの回答!$D$2:$D$1088,"×",フォームの回答!$E$2:$E$1088,"○",フォームの回答!$G$2:$G$1088,"過ごした",フォームの回答!$H$2:$H$1088,E$17) -> 11 | F20: =COUNTIFS(フォームの回答!$D$2:$D$1088,"×",フォームの回答!$E$2:$E$1088,"○",フォームの回答!$G$2:$G$1088,"過ごした",フォームの回答!$H$2:$H$1088,F$17) -> 28 | G20: =COUNTIFS(フォームの回答!$D$2:$D$1088,"×",フォームの回答!$E$2:$E$1088,"○",フォームの回答!$G$2:$G$1088,"過ごした",フォームの回答!$H$2:$H$1088,G$17) -> 8 | H20: =SUM(C20:G20) -> 96
B21: 未就学児がいる | C21: =COUNTIFS(フォームの回答!$C$2:$C$1088,"○",フォームの回答!$G$2:$G$1088,"過ごした",フォームの回答!$H$2:$H$1088,C$17) -> 18 | D21: =COUNTIFS(フォームの回答!$C$2:$C$1088,"○",フォームの回答!$G$2:$G$1088,"過ごした",フォームの回答!$H$2:$H$1088,D$17) -> 8 | E21: =COUNTIFS(フォームの回答!$C$2:$C$1088,"○",フォームの回答!$G$2:$G$1088,"過ごした",フォームの回答!$H$2:$H$1088,E$17) -> 10 | F21: =COUNTIFS(フォームの回答!$C$2:$C$1088,"○",フォームの回答!$G$2:$G$1088,"過ごした",フォームの回答!$H$2:$H$1088,F$17) -> 31 | G21: =COUNTIFS(フォームの回答!$C$2:$C$1088,"○",フォームの回答!$G$2:$G$1088,"過ごした",フォームの回答!$H$2:$H$1088,G$17) -> 0 | H21: =SUM(C21:G21) -> 67
B22: 卒業した子がいる | C22: =COUNTIFS(フォームの回答!$F$2:$F$1088,"○",フォームの回答!$G$2:$G$1088,"過ごした",フォームの回答!$H$2:$H$1088,C$17) -> 11 | D22: =COUNTIFS(フォームの回答!$F$2:$F$1088,"○",フォームの回答!$G$2:$G$1088,"過ごした",フォームの回答!$H$2:$H$1088,D$17) -> 2 | E22: =COUNTIFS(フォームの回答!$F$2:$F$1088,"○",フォームの回答!$G$2:$G$1088,"過ごした",フォームの回答!$H$2:$H$1088,E$17) -> 3 | F22: =COUNTIFS(フォームの回答!$F$2:$F$1088,"○",フォームの回答!$G$2:$G$1088,"過ごした",フォームの回答!$H$2:$H$1088,F$17) -> 9 | G22: =COUNTIFS(フォームの回答!$F$2:$F$1088,"○",フォームの回答!$G$2:$G$1088,"過ごした",フォームの回答!$H$2:$H$1088,G$17) -> 2 | H22: =SUM(C22:G22) -> 27
B23: 小学校にいて、中学校にはいない | C23: =C19/$H19 -> 0.22910217 | D23: =D19/$H19 -> 0.10835913 | E23: =E19/$H19 -> 0.18266254 | F23: =F19/$H19 -> 0.45510836 | G23: =G19/$H19 -> 0.024767802
B24: 小学校にはいなくて、中学校にいる | C24: =C20/$H20 -> 0.40625 | D24: =D20/$H20 -> 0.10416667 | E24: =E20/$H20 -> 0.11458333 | F24: =F20/$H20 -> 0.29166667 | G24: =G20/$H20 -> 0.083333333
B25: 未就学児がいる | C25: =C21/$H21 -> 0.26865672 | D25: =D21/$H21 -> 0.11940299 | E25: =E21/$H21 -> 0.14925373 | F25: =F21/$H21 -> 0.46268657 | G25: =G21/$H21 -> 0
B26: 卒業した子がいる | C26: =C22/$H22 -> 0.40740741 | D26: =D22/$H22 -> 0.074074074 | E26: =E22/$H22 -> 0.11111111 | F26: =F22/$H22 -> 0.33333333 | G26: =G22/$H22 -> 0.074074074
B27: 全体 | C27: =C18/$H18 -> 0.27680312 | D27: =D18/$H18 -> 0.10721248 | E27: =E18/$H18 -> 0.16179337 | F27: =F18/$H18 -> 0.41910331 | G27: =G18/$H18 -> 0.035087719
B29: 問３−Ｂ１ お子様はどのように過ごされましたか。
C30: 放課後児童クラブ等を利用した | D30: （回答者様以外の）家族、親類等と過ごした | E30: 知り合いに預けた | F30: 子どもだけで過ごした | G30: その他 | H30: 合計
B31: 全体 | C31: =SUM(C32:C35) -> 117 | D31: =SUM(D32:D35) -> 116 | E31: =SUM(E32:E35) -> 12 | F31: =SUM(F32:F35) -> 230 | G31: =SUM(G32:G35) -> 58 | H31: =SUM(C31:G31) -> 533
B32: 小学校にいて、中学校にはいない | C32: =COUNTIFS(フォームの回答!$D$2:$D$1088,"○",フォームの回答!$E$2:$E$1088,"×",フォームの回答!$G$2:$G$1088,"過ごしていない",フォームの回答!$J$2:$J$1088,C$30) -> 98 | D32: =COUNTIFS(フォームの回答!$D$2:$D$1088,"○",フォームの回答!$E$2:$E$1088,"×",フォームの回答!$G$2:$G$1088,"過ごしていない",フォームの回答!$J$2:$J$1088,D$30) -> 80 | E32: =COUNTIFS(フォームの回答!$D$2:$D$1088,"○",フォームの回答!$E$2:$E$1088,"×",フォームの回答!$G$2:$G$1088,"過ごしていない",フォームの回答!$J$2:$J$1088,E$30) -> 8 | F32: =COUNTIFS(フォームの回答!$D$2:$D$1088,"○",フォームの回答!$E$2:$E$1088,"×",フォームの回答!$G$2:$G$1088,"過ごしていない",フォームの回答!$J$2:$J$1088,F$30) -> 92 | G32: =H32-SUM(C32:F32) -> 21 | H32: =D4 -> 299
B33: 小学校にはいなくて、中学校にいる | C33: =COUNTIFS(フォームの回答!$D$2:$D$1088,"×",フォームの回答!$E$2:$E$1088,"○",フォームの回答!$G$2:$G$1088,"過ごしていない",フォームの回答!$J$2:$J$1088,C$30) -> 0 | D33: =COUNTIFS(フォームの回答!$D$2:$D$1088,"×",フォームの回答!$E$2:$E$1088,"○",フォームの回答!$G$2:$G$1088,"過ごしていない",フォームの回答!$J$2:$J$1088,D$30) -> 22 | E33: =COUNTIFS(フォームの回答!$D$2:$D$1088,"×",フォームの回答!$E$2:$E$1088,"○",フォームの回答!$G$2:$G$1088,"過ごしていない",フォームの回答!$J$2:$J$1088,E$30) -> 1 | F33: =COUNTIFS(フォームの回答!$D$2:$D$1088,"×",フォームの回答!$E$2:$E$1088,"○",フォームの回答!$G$2:$G$1088,"過ごしていない",フォームの回答!$J$2:$J$1088,F$30) -> 106 | G33: =H33-SUM(C33:F33) -> 28 | H33: =D5 -> 157
B34: 未就学児がいる | C34: =COUNTIFS(フォームの回答!$C$2:$C$1088,"○",フォームの回答!$G$2:$G$1088,"過ごしていない",フォームの回答!$J$2:$J$1088,C$30) -> 16 | D34: =COUNTIFS(フォームの回答!$C$2:$C$1088,"○",フォームの回答!$G$2:$G$1088,"過ごしていない",フォームの回答!$J$2:$J$1088,D$30) -> 8 | E34: =COUNTIFS(フォームの回答!$C$2:$C$1088,"○",フォームの回答!$G$2:$G$1088,"過ごしていない",フォームの回答!$J$2:$J$1088,E$30) -> 2 | F34: =COUNTIFS(フォームの回答!$C$2:$C$1088,"○",フォームの回答!$G$2:$G$1088,"過ごしていない",フォームの回答!$J$2:$J$1088,F$30) -> 13 | G34: =H34-SUM(C34:F34) -> 5 | H34: =D6 -> 44
B35: 卒業した子がいる | C35: =COUNTIFS(フォームの回答!$F$2:$F$1088,"○",フォームの回答!$G$2:$G$1088,"過ごしていない",フォームの回答!$J$2:$J$1088,C$30) -> 3 | D35: =COUNTIFS(フォームの回答!$F$2:$F$1088,"○",フォームの回答!$G$2:$G$1088,"過ごしていない",フォームの回答!$J$2:$J$1088,D$30) -> 6 | E35: =COUNTIFS(フォームの回答!$F$2:$F$1088,"○",フォームの回答!$G$2:$G$1088,"過ごしていない",フォームの回答!$J$2:$J$1088,E$30) -> 1 | F35: =COUNTIFS(フォームの回答!$F$2:$F$1088,"○",フォームの回答!$G$2:$G$1088,"過ごしていない",フォームの回答!$J$2:$J$1088,F$30) -> 19 | G35: =H35-SUM(C35:F35) -> 4 | H35: =D7 -> 33
B36: 小学校にいて、中学校にはいない | C36: =C32/$H32 -> 0.3277592 | D36: =D32/$H32 -> 0.26755853 | E36: =E32/$H32 -> 0.026755853 | F36: =F32/$H32 -> 0.30769231 | G36: =G32/$H32 -> 0.070234114
B37: 小学校にはいなくて、中学校にいる | C37: =C33/$H33 -> 0 | D37: =D33/$H33 -> 0.14012739 | E37: =E33/$H33 -> 0.0063694268 | F37: =F33/$H33 -> 0.67515924 | G37: =G33/$H33 -> 0.17834395
B38: 未就学児がいる | C38: =C34/$H34 -> 0.36363636 | D38: =D34/$H34 -> 0.18181818 | E38: =E34/$H34 -> 0.045454545 | F38: =F34/$H34 -> 0.29545455 | G38: =G34/$H34 -> 0.11363636
B39: 卒業した子がいる | C39: =C35/$H35 -> 0.090909091 | D39: =D35/$H35 -> 0.18181818 | E39: =E35/$H35 -> 0.03030303 | F39: =F35/$H35 -> 0.57575758 | G39: =G35/$H35 -> 0.12121212
B40: 全体 | C40: =C31/$H31 -> 0.2195122 | D40: =D31/$H31 -> 0.21763602 | E40: =E31/$H31 -> 0.022514071 | F40: =F31/$H31 -> 0.4315197 | G40: =G31/$H31 -> 0.10881801
B42: 問４ あなたは休暇を取得されましたか
C43: 取得した | D43: 取得していない | E43: 合計 | F43: 取得した | G43: 取得していない
B44: 全体 | C44: =SUM(C45:C48) -> 394 | D44: =SUM(D45:D48) -> 652 | E44: =SUM(C44:D44) -> 1046 | F44: =C44/$E44 -> 0.37667304 | G44: =D44/$E44 -> 0.62332696
B45: 小学校にいて、中学校にはいない | C45: =COUNTIFS(フォームの回答!$D$2:$D$1088,"○",フォームの回答!$E$2:$E$1088,"×",フォームの回答!$K$2:$K$1088,C$43) -> 258 | D45: =COUNTIFS(フォームの回答!$D$2:$D$1088,"○",フォームの回答!$E$2:$E$1088,"×",フォームの回答!$K$2:$K$1088,D$43) -> 364 | E45: =SUM(C45:D45) -> 622 | F45: =C45/$E45 -> 0.414791 | G45: =D45/$E45 -> 0.585209
B46: 小学校にはいなくて、中学校にいる | C46: =COUNTIFS(フォームの回答!$D$2:$D$1088,"×",フォームの回答!$E$2:$E$1088,"○",フォームの回答!$K$2:$K$1088,C$43) -> 68 | D46: =COUNTIFS(フォームの回答!$D$2:$D$1088,"×",フォームの回答!$E$2:$E$1088,"○",フォームの回答!$K$2:$K$1088,D$43) -> 185 | E46: =SUM(C46:D46) -> 253 | F46: =C46/$E46 -> 0.2687747 | G46: =D46/$E46 -> 0.7312253
B47: 未就学児がいる | C47: =COUNTIFS(フォームの回答!$C$2:$C$1088,"○",フォームの回答!$K$2:$K$1088,C$43) -> 50 | D47: =COUNTIFS(フォームの回答!$C$2:$C$1088,"○",フォームの回答!$K$2:$K$1088,D$43) -> 61 | E47: =SUM(C47:D47) -> 111 | F47: =C47/$E47 -> 0.45045045 | G47: =D47/$E47 -> 0.54954955
B48: 卒業した子がいる | C48: =COUNTIFS(フォームの回答!$F$2:$F$1088,"○",フォームの回答!$K$2:$K$1088,C$43) -> 18 | D48: =COUNTIFS(フォームの回答!$F$2:$F$1088,"○",フォームの回答!$K$2:$K$1088,D$43) -> 42 | E48: =SUM(C48:D48) -> 60 | F48: =C48/$E48 -> 0.3 | G48: =D48/$E48 -> 0.7
B51: 問４－１ 「取得していない」と回答いただいた方は、次のどれにあたりますか。
C52: 職場で推奨されたが取得しなかった | D52: 業務多忙で取得できなかった | E52: 自営業だから | F52: 取得するつもりはなかった | G52: 取得しにくかった | H52: 勤務日ではなかった
B53: 小学校にいて、中学校にはいない | C53: =COUNTIFS(フォームの回答!$D$2:$D$1088,"○",フォームの回答!$E$2:$E$1088,"×",フォームの回答!M$2:M$1088,"○") -> 6 | D53: =COUNTIFS(フォームの回答!$D$2:$D$1088,"○",フォームの回答!$E$2:$E$1088,"×",フォームの回答!N$2:N$1088,"○") -> 163 | E53: =COUNTIFS(フォームの回答!$D$2:$D$1088,"○",フォームの回答!$E$2:$E$1088,"×",フォームの回答!O$2:O$1088,"○") -> 19 | F53: =COUNTIFS(フォームの回答!$D$2:$D$1088,"○",フォームの回答!$E$2:$E$1088,"×",フォームの回答!P$2:P$1088,"○") -> 68 | G53: =COUNTIFS(フォームの回答!$D$2:$D$1088,"○",フォームの回答!$E$2:$E$1088,"×",フォームの回答!Q$2:Q$1088,"○") -> 126 | H53: =COUNTIFS(フォームの回答!$D$2:$D$1088,"○",フォームの回答!$E$2:$E$1088,"×",フォームの回答!R$2:R$1088,"○") -> 12
B54: 小学校にはいなくて、中学校にいる | C54: =COUNTIFS(フォームの回答!$D$2:$D$1088,"×",フォームの回答!$E$2:$E$1088,"○",フォームの回答!M$2:M$1088,"○") -> 3 | D54: =COUNTIFS(フォームの回答!$D$2:$D$1088,"×",フォームの回答!$E$2:$E$1088,"○",フォームの回答!N$2:N$1088,"○") -> 68 | E54: =COUNTIFS(フォームの回答!$D$2:$D$1088,"×",フォームの回答!$E$2:$E$1088,"○",フォームの回答!O$2:O$1088,"○") -> 14 | F54: =COUNTIFS(フォームの回答!$D$2:$D$1088,"×",フォームの回答!$E$2:$E$1088,"○",フォームの回答!P$2:P$1088,"○") -> 40 | G54: =COUNTIFS(フォームの回答!$D$2:$D$1088,"×",フォームの回答!$E$2:$E$1088,"○",フォームの回答!Q$2:Q$1088,"○") -> 58 | H54: =COUNTIFS(フォームの回答!$D$2:$D$1088,"×",フォームの回答!$E$2:$E$1088,"○",フォームの回答!R$2:R$1088,"○") -> 12
B55: 未就学児がいる | C55: =COUNTIFS(フォームの回答!$C$2:$C$1088,"○",フォームの回答!M$2:M$1088,"○") -> 1 | D55: =COUNTIFS(フォームの回答!$C$2:$C$1088,"○",フォームの回答!N$2:N$1088,"○") -> 25 | E55: =COUNTIFS(フォームの回答!$C$2:$C$1088,"○",フォームの回答!O$2:O$1088,"○") -> 3 | F55: =COUNTIFS(フォームの回答!$C$2:$C$1088,"○",フォームの回答!P$2:P$1088,"○") -> 11 | G55: =COUNTIFS(フォームの回答!$C$2:$C$1088,"○",フォームの回答!Q$2:Q$1088,"○") -> 17 | H55: =COUNTIFS(フォームの回答!$C$2:$C$1088,"○",フォームの回答!R$2:R$1088,"○") -> 3
B56: 卒業した子がいる | C56: =COUNTIFS(フォームの回答!$F$2:$F$1088,"○",フォームの回答!M$2:M$1088,"○") -> 1 | D56: =COUNTIFS(フォームの回答!$F$2:$F$1088,"○",フォームの回答!N$2:N$1088,"○") -> 21 | E56: =COUNTIFS(フォームの回答!$F$2:$F$1088,"○",フォームの回答!O$2:O$1088,"○") -> 9 | F56: =COUNTIFS(フォームの回答!$F$2:$F$1088,"○",フォームの回答!P$2:P$1088,"○") -> 7 | G56: =COUNTIFS(フォームの回答!$F$2:$F$1088,"○",フォームの回答!Q$2:Q$1088,"○") -> 16 | H56: =COUNTIFS(フォームの回答!$F$2:$F$1088,"○",フォームの回答!R$2:R$1088,"○") -> 1
B57: 全体 | C57: =COUNTIFS(フォームの回答!M$2:M$1088,"○") -> 13 | D57: =COUNTIFS(フォームの回答!N$2:N$1088,"○") -> 295 | E57: =COUNTIFS(フォームの回答!O$2:O$1088,"○") -> 51 | F57: =COUNTIFS(フォームの回答!P$2:P$1088,"○") -> 134 | G57: =COUNTIFS(フォームの回答!Q$2:Q$1088,"○") -> 238 | H57: =COUNTIFS(フォームの回答!R$2:R$1088,"○") -> 30

Sheet 整えたの
D3: 【保護者】
D5: 11月22日（ふれあいホリデー）はお子様と一緒に過ごされましたか。
D6: № | E6: 家庭のケース | F6: 実数 | I6: 率
F7: 合計 | G7: 過ごした | H7: 過ごしていない | I7: 過ごした | J7: 過ごしていない
D8: 1 | E8: 全体 | F8: =G8+H8 -> 1046 | G8: 513 | H8: 533 | I8: =G8/$F8 -> 0.49043977 | J8: =H8/$F8 -> 0.50956023
D9: 2 | E9: 小学生がいて、中学生はいない家庭 | F9: =G9+H9 -> 622 | G9: 323 | H9: 299 | I9: =G9/$F9 -> 0.5192926 | J9: =H9/$F9 -> 0.4807074
D10: 3 | E10: 小学生はいなくて、中学生がいる家庭 | F10: =G10+H10 -> 253 | G10: 96 | H10: 157 | I10: =G10/$F10 -> 0.37944664 | J10: =H10/$F10 -> 0.62055336
D11: 4 | E11: 未就学児がいる家庭 | F11: =G11+H11 -> 111 | G11: 67 | H11: 44 | I11: =G11/$F11 -> 0.6036036 | J11: =H11/$F11 -> 0.3963964
D12: 5 | E12: 中学校を卒業した子（高校生等）がいる家庭 | F12: =G12+H12 -> 60 | G12: 27 | H12: 33 | I12: =G12/$F12 -> 0.45 | J12: =H12/$F12 -> 0.55
D34: （「お子様と一緒に過ごした」と回答された方）主にどのように過ごされましたか。
D35: № | E35: 家庭のケース | F35: 家庭で過ごした | G35: イベント等に参加した | H35: 倉吉市内へ出かけた | I35: 倉吉市外へ出かけた | J35: その他 | K35: 合計
D36: 1 | E36: 全体 | F36: 142 | G36: 55 | H36: 83 | I36: 215 | J36: 18 | K36: =SUM(F36:J36) -> 513
D37: 2 | E37: 小学生がいて、中学生はいない家庭 | F37: 74 | G37: 35 | H37: 59 | I37: 147 | J37: 8 | K37: =SUM(F37:J37) -> 323
D38: 3 | E38: 小学生はいなくて、中学生がいる家庭 | F38: 39 | G38: 10 | H38: 11 | I38: 28 | J38: 8 | K38: =SUM(F38:J38) -> 96
D39: 4 | E39: 未就学児がいる家庭 | F39: 18 | G39: 8 | H39: 10 | I39: 31 | J39: 0 | K39: =SUM(F39:J39) -> 67
D40: 5 | E40: 中学校を卒業した子（高校生等）がいる家庭 | F40: 11 | G40: 2 | H40: 3 | I40: 9 | J40: 2 | K40: =SUM(F40:J40) -> 27
D42: 率 | E42: 全体 | F42: =F36/$K36 -> 0.27680312 | G42: =G36/$K36 -> 0.10721248 | H42: =H36/$K36 -> 0.16179337 | I42: =I36/$K36 -> 0.41910331 | J42: =J36/$K36 -> 0.035087719
E43: 小学生がいて、中学生はいない家庭 | F43: =F37/$K37 -> 0.22910217 | G43: =G37/$K37 -> 0.10835913 | H43: =H37/$K37 -> 0.18266254 | I43: =I37/$K37 -> 0.45510836 | J43: =J37/$K37 -> 0.024767802
E44: 小学生はいなくて、中学生がいる家庭 | F44: =F38/$K38 -> 0.40625 | G44: =G38/$K38 -> 0.10416667 | H44: =H38/$K38 -> 0.11458333 | I44: =I38/$K38 -> 0.29166667 | J44: =J38/$K38 -> 0.083333333
E45: 未就学児がいる家庭 | F45: =F39/$K39 -> 0.26865672 | G45: =G39/$K39 -> 0.11940299 | H45: =H39/$K39 -> 0.14925373 | I45: =I39/$K39 -> 0.46268657 | J45: =J39/$K39 -> 0
E46: 中学校を卒業した子（高校生等）がいる家庭 | F46: =F40/$K40 -> 0.40740741 | G46: =G40/$K40 -> 0.074074074 | H46: =H40/$K40 -> 0.11111111 | I46: =I40/$K40 -> 0.33333333 | J46: =J40/$K40 -> 0.074074074
D48: （「お子様と一緒に過ごしていない」と回答された方）お子様はどのように過ごされましたか。
D49: № | E49: 家庭のケース | F49: 放課後児童クラブ等を利用した | G49: （回答者様以外の）家族、親類等と過ごした | H49: 知り合いに預けた | I49: 子どもだけで過ごした | J49: その他 | K49: 合計
D50: 1 | E50: 全体 | F50: 117 | G50: 116 | H50: 12 | I50: 230 | J50: 58 | K50: =SUM(F50:J50) -> 533
D51: 2 | E51: 小学生がいて、中学生はいない家庭 | F51: 98 | G51: 80 | H51: 8 | I51: 92 | J51: 21 | K51: =SUM(F51:J51) -> 299
D52: 3 | E52: 小学生はいなくて、中学生がいる家庭 | F52: 0 | G52: 22 | H52: 1 | I52: 106 | J52: 28 | K52: =SUM(F52:J52) -> 157
D53: 4 | E53: 未就学児がいる家庭 | F53: 16 | G53: 8 | H53: 2 | I53: 13 | J53: 5 | K53: =SUM(F53:J53) -> 44
D54: 5 | E54: 中学校を卒業した子（高校生等）がいる家庭 | F54: 3 | G54: 6 | H54: 1 | I54: 19 | J54: 4 | K54: =SUM(F54:J54) -> 33
D56: 率 | E56: 全体 | F56: =F50/$K50 -> 0.2195122 | G56: =G50/$K50 -> 0.21763602 | H56: =H50/$K50 -> 0.022514071 | I56: =I50/$K50 -> 0.4315197 | J56: =J50/$K50 -> 0.10881801
E57: 小学生がいて、中学生はいない家庭 | F57: =F51/$K51 -> 0.3277592 | G57: =G51/$K51 -> 0.26755853 | H57: =H51/$K51 -> 0.026755853 | I57: =I51/$K51 -> 0.30769231 | J57: =J51/$K51 -> 0.070234114
E58: 小学生はいなくて、中学生がいる家庭 | F58: =F52/$K52 -> 0 | G58: =G52/$K52 -> 0.14012739 | H58: =H52/$K52 -> 0.0063694268 | I58: =I52/$K52 -> 0.67515924 | J58: =J52/$K52 -> 0.17834395
E59: 未就学児がいる家庭 | F59: =F53/$K53 -> 0.36363636 | G59: =G53/$K53 -> 0.18181818 | H59: =H53/$K53 -> 0.045454545 | I59: =I53/$K53 -> 0.29545455 | J59: =J53/$K53 -> 0.11363636
E60: 中学校を卒業した子（高校生等）がいる家庭 | F60: =F54/$K54 -> 0.090909091 | G60: =G54/$K54 -> 0.18181818 | H60: =H54/$K54 -> 0.03030303 | I60: =I54/$K54 -> 0.57575758 | J60: =J54/$K54 -> 0.12121212
D66: 休暇を取得されましたか
D67: № | E67: 家庭のケース | F67: 実数 | I67: 率
F68: 合計 | G68: 取得した | H68: 取得していない | I68: 取得した | J68: 取得していない
D69: 1 | E69: 全体 | F69: =G69+H69 -> 1046 | G69: 394 | H69: 652 | I69: =G69/$F69 -> 0.37667304 | J69: =H69/$F69 -> 0.62332696
D70: 2 | E70: 小学生がいて、中学生はいない家庭 | F70: =G70+H70 -> 622 | G70: 258 | H70: 364 | I70: =G70/$F70 -> 0.414791 | J70: =H70/$F70 -> 0.585209
D71: 3 | E71: 小学生はいなくて、中学生がいる家庭 | F71: =G71+H71 -> 253 | G71: 68 | H71: 185 | I71: =G71/$F71 -> 0.2687747 | J71: =H71/$F71 -> 0.7312253
D72: 4 | E72: 未就学児がいる家庭 | F72: =G72+H72 -> 111 | G72: 50 | H72: 61 | I72: =G72/$F72 -> 0.45045045 | J72: =H72/$F72 -> 0.54954955
D73: 5 | E73: 中学校を卒業した子（高校生等）がいる家庭 | F73: =G73+H73 -> 60 | G73: 18 | H73: 42 | I73: =G73/$F73 -> 0.3 | J73: =H73/$F73 -> 0.7
D75: 「休暇を取得していない」と回答いただいた方は、次のどれにあたりますか。（該当：652件、複数回答）
D76: № | E76: 取得していない方の理由 （複数回答・上位のみ） | F76: 実数 | G76: 率
D77: 1 | E77: 業務多忙で取得できなかった | F77: 295 | G77: =F77/$H$69 -> 0.45245399
D78: 2 | E78: 取得しにくかった | F78: 238 | G78: =F78/$H$69 -> 0.36503067
D79: 3 | E79: 取得するつもりはなかった | F79: 134 | G79: =F79/$H$69 -> 0.20552147
D80: 4 | E80: 自営業だから | F80: 51 | G80: =F80/$H$69 -> 0.078220859
D81: 5 | E81: 勤務日ではなかった | F81: 30 | G81: =F81/$H$69 -> 0.04601227
D82: 6 | E82: 職場で推奨されたが取得しなかった | F82: 13 | G82: =F82/$H$69 -> 0.01993865
D84: 来年度実施する場合、適切な時期について考えを教えてください。
D85: № | E85: 時期（上位のみ） | F85: 実数 | G85: 率
D86: 1 | E86: 11月の同じ時期 | F86: 446 | G86: =F86/$F$69 -> 0.42638623
D87: 2 | E87: ５月のゴールデンウィーク期間中 | F87: 287 | G87: =F87/$F$69 -> 0.27437859
D88: 3 | E88: 6月（6月を含む期間） | F88: 29 | G88: =F88/$F$69 -> 0.027724665
D89: 4 | E89: 分からない | F89: 14 | G89: =F89/$F$69 -> 0.013384321
D90: 5 | E90: 10月（10月を含む期間） | F90: 11 | G90: =F90/$F$69 -> 0.010516252
E91: 実施に否定的な意見 | F91: 68 | G91: =F91/$F$69 -> 0.06500956
